no,keyword
1,로맨스
2,소년왕도물
2,판타지
3,최강자전
3,2018 최강자전
3,드라마
4,최강자전
4,2017 최강자전
4,농구
4,스포츠성장
4,스포츠
5,최강자전
5,2019 최강자전
5,게임판타지
5,판타지
6,개그
7,드라마&영화 원작웹툰
7,일상
8,2020 지상최대공모전
8,계약연애
8,연예계
8,삼각관계
8,로맨스
9,드라마
10,소꿉친구
10,2021 지상최대공모전
10,계약연애
10,학원로맨스
10,친구>연인
10,로맨스
11,사이비종교
11,스릴러
12,캠퍼스로맨스
12,로맨스
13,학원로맨스
13,로맨스
14,로맨스
15,학원물
15,액션
16,로맨스
16,소설원작
17,스릴러
18,오피스로맨스
18,사내연애
18,로맨스
18,소설원작
19,스릴러
19,성인웹툰
20,병맛
20,음식요리
20,개그
21,2019 지상최대공모전
21,스릴러
22,개그
23,이능력배틀물
23,먼치킨
23,판타지
24,개그
25,드라마
26,타임슬립
26,드라마
27,판타지
28,판타지
29,2019 지상최대공모전
29,판타지
30,액션
31,로맨스
32,스릴러
33,2020 지상최대공모전
33,하이틴
33,학원로맨스
33,로맨스
34,로맨스
35,동물
35,감성드라마
35,드라마
36,2019 지상최대공모전
36,스릴러
37,드라마
38,병맛
38,동물
38,판타지
39,힐링
39,성장드라마
39,동물
39,드라마
40,스릴러
41,프리퀄
41,아포칼립스
41,느와르
41,판타지
42,액션
43,일상
44,로맨스
45,병맛
45,개그
46,2020 지상최대공모전
46,서스펜스
46,머니게임
46,스릴러
47,비밀연애
47,전남친
47,로맨스
48,스릴러
49,드라마
50,학원로맨스
50,하이틴
50,성장드라마
50,삼각관계
50,로맨스
51,액션
52,판타지
52,소설원작
53,액션
54,판타지
55,최강자전
55,2018 최강자전
55,서스펜스
55,드라마
56,로맨스
56,소설원작
57,감성
58,판타지
59,환골탈태
59,격투기
59,스포츠
60,격투기
60,액션
61,드라마
62,로맨스
63,일상
64,로맨스
65,이능력배틀물
65,드라마
66,로맨스코미디
66,청춘로맨스
66,캠퍼스로맨스
66,로맨스
67,2020 지상최대공모전
67,학원로맨스
67,성장드라마
67,삼각관계
67,로맨스
68,일상
69,2019 지상최대공모전
69,사이다
69,액션
70,서바이벌
70,2021 지상최대공모전
70,스릴러
71,개그
72,병맛
72,개그
73,드라마&영화 원작웹툰
73,드라마
74,일상
75,일상
76,판타지
77,드라마
78,드라마
79,드라마
80,드라마
81,병맛
81,개그
82,성장드라마
82,로맨스
83,하이틴
83,청춘로맨스
83,로맨스
84,액션
85,드라마
86,복수극
86,먼치킨
86,판타지
87,일상
88,로맨스
88,소설원작
89,드라마
90,스릴러
90,성인웹툰
91,판타지
92,일상
93,직진남
93,인외존재
93,이세계
93,구원서사
93,로맨스
93,소설원작
94,개그
95,개그
96,로맨스
97,드라마
98,스릴러
99,이능력배틀물
99,먼치킨
99,판타지
100,드라마
101,스릴러
102,스릴러
103,스릴러
104,액션
105,인플루언서
105,머니게임
105,개그
106,캠퍼스로맨스
106,로맨스
107,세계관
107,사이다
107,회귀
107,판무
107,무협/사극
107,소설원작
108,사이다
108,복수극
108,먼치킨
108,느와르
108,액션
109,회귀
109,퓨전사극
109,로맨스
109,소설원작
110,힐링
110,육아물
110,판타지
111,판타지
112,액션
113,드라마
114,2020 지상최대공모전
114,드라마
115,로맨스
116,전남친
116,재회
116,오피스로맨스
116,역하렘
116,삼각관계
116,사내연애
116,까칠남
116,로맨스
116,소설원작
117,액션
118,스릴러
119,드라마
120,드라마
121,삼각관계
121,로맨스
122,연예계
122,로맨스
122,소설원작
123,일상
124,판타지
125,판타지
126,고자극로맨스
126,뱀파이어
126,드라마
127,서스펜스
127,드라마
128,2021 지상최대공모전
128,학원로맨스
128,로맨스
129,개그
130,학원물
130,성장드라마
130,드라마
131,학원물
131,성장드라마
131,드라마
132,직업드라마
132,드라마
132,소설원작
133,로맨스
134,밀리터리
134,개그
135,격투기
135,스포츠
136,힐링
136,드라마
137,감성
138,판타지
139,계략여주
139,2030연애
139,계약연애
139,직진남
139,삼각관계
139,로맨스
140,판타지
141,스릴러
142,인외존재
142,삼각관계
142,로맨스
143,오컬트
143,드라마
144,스릴러
145,판타지
146,액션
147,인외존재
147,로판
147,로맨스
148,드라마
149,스릴러
150,판타지
150,소설원작
151,2020 지상최대공모전
151,힐링
151,음식요리
151,동물
151,드라마
152,빙의
152,판타지
152,소설원작
153,2030연애
153,계약연애
153,현실로맨스
153,오피스로맨스
153,사내연애
153,로맨스
153,소설원작
154,빙의
154,로맨스
154,소설원작
155,판타지
156,로맨스
157,프리퀄
157,학원로맨스
157,하이틴
157,청춘로맨스
157,재회
157,로맨스
158,혐관로맨스
158,회귀
158,구원서사
158,로맨스
158,소설원작
159,서스펜스
159,구원서사
159,드라마
160,스릴러
161,판타지
162,액션
163,드라마
164,로맨스
165,드라마&영화 원작웹툰
165,드라마
166,2021 지상최대공모전
166,스릴러
167,레트로
167,공감성수치
167,로맨스
168,최강자전
168,2016 최강자전
168,로맨스
169,삼각관계
169,로맨스
170,드라마&영화 원작웹툰
170,연예계
170,로맨스
170,소설원작
171,액션
172,드라마
173,로맨스코미디
173,캠퍼스로맨스
173,인플루언서
173,걸크러시
173,로맨스
174,격투기
174,스포츠
175,감성
176,동양풍판타지
176,로맨스
176,소설원작
177,스릴러
178,최강자전
178,2020 최강자전
178,판타지
179,아포칼립스
179,스릴러
180,느와르
180,액션
181,드라마
182,스릴러
183,퓨전사극
183,삼각관계
183,로맨스
183,소설원작
184,2020 지상최대공모전
184,게임판타지
184,판타지
185,학원물
185,액션
186,아포칼립스
186,sf
186,감염
186,판타지
187,괴담
187,스릴러
188,판타지
189,스릴러
190,판타지
191,액션
192,2021 지상최대공모전
192,현실로맨스
192,재회
192,연상연하
192,로맨스
193,타임슬립
193,스릴러
194,드라마
195,감성드라마
195,드라마
196,판타지
197,판타지
198,감성
199,판타지
200,사이다
200,먼치킨
200,다크히어로
200,느와르
200,액션
201,액션
202,드라마
203,개그
204,로맨스
205,스릴러
205,성인웹툰
206,로맨스
207,서바이벌
207,2020 지상최대공모전
207,서스펜스
207,두뇌싸움
207,스릴러
208,최강자전
208,2018 최강자전
208,로맨스
209,하이퍼리얼리즘
209,드라마
210,학원로맨스
210,삼각관계
210,로맨스
211,로맨스
212,개그
213,게임판타지
213,먼치킨
213,판타지
213,소설원작
214,로맨스
214,소설원작
215,드라마
216,로맨스
217,로맨스
218,드라마
219,아포칼립스
219,sf
219,스릴러
220,스릴러
220,소설원작
220,성인웹툰
221,아포칼립스
221,이능력배틀물
221,먼치킨
221,판타지
221,소설원작
222,사이다
222,게임판타지
222,헌터물
222,먼치킨
222,판타지
222,소설원작
223,스릴러
224,먼치킨
224,판타지
225,사이다
225,게임판타지
225,이능력배틀물
225,무협/사극
225,소설원작
226,일상
227,개그
228,스릴러
229,일상
230,서스펜스
230,스릴러
231,로맨스
231,소설원작
232,드라마
233,드라마
234,로맨스
235,로맨스
235,소설원작
236,드라마
237,드라마
238,연예계
238,로맨스
238,소설원작
239,2021 지상최대공모전
239,판타지
240,2019 지상최대공모전
240,서스펜스
240,드라마
241,액션
242,학원물
242,액션
243,로맨스
244,개그
245,오피스로맨스
245,로맨스
245,소설원작
246,로맨스
247,인외존재
247,로맨스
248,힐링
248,현실로맨스
248,청춘로맨스
248,연예계
248,로맨스
249,짝사랑
249,최강자전
249,2017 최강자전
249,로맨스
250,감성
251,직진남
251,드라마
252,판타지
252,소설원작
253,sf
253,다크판타지
253,판타지
254,캠퍼스로맨스
254,연상연하
254,로맨스
255,환골탈태
255,소년왕도물
255,판타지
255,소설원작
256,판타지
256,소설원작
257,먼치킨
257,무협/사극
257,소설원작
258,개그
259,판타지
260,로맨스
260,소설원작
261,성장드라마
261,로판
261,판타지
262,일상
263,일상
264,일상
265,드라마
265,성인웹툰
266,레트로
266,드라마
267,로맨스
268,로맨스
268,소설원작
269,로맨스
270,선결혼후연애
270,빙의
270,로판
270,까칠남
270,로맨스
270,소설원작
271,서스펜스
271,드라마
272,회귀
272,선결혼후연애
272,로맨스
272,소설원작
273,고자극로맨스
273,서스펜스
273,로판
273,감성드라마
273,로맨스
273,성인웹툰
274,혐관로맨스
274,계약연애
274,구원서사
274,로맨스
275,로맨스
276,고자극로맨스
276,회귀
276,선결혼후연애
276,사내연애
276,로맨스
276,소설원작
277,로맨스
278,액션
279,일상
280,로맨스
281,로맨스
282,청춘로맨스
282,재회
282,로맨스
283,회귀
283,헌터물
283,이능력배틀물
283,소년왕도물
283,먼치킨
283,판타지
283,소설원작
284,2019 지상최대공모전
284,역하렘
284,연예계
284,로맨스
285,로맨스코미디
285,현실로맨스
285,선결혼후연애
285,로맨스
285,소설원작
286,로맨스
287,드라마&영화 원작웹툰
287,직업드라마
287,하이퍼리얼리즘
287,의학드라마
287,드라마
288,환골탈태
288,로맨스코미디
288,2021 지상최대공모전
288,로맨스
289,드라마&영화 원작웹툰
289,사이다
289,감성드라마
289,드라마
290,개그
291,개그
292,드라마&영화 원작웹툰
292,드라마
293,동물
293,로맨스
294,개그
295,소꿉친구
295,로맨스코미디
295,힐링
295,혐관로맨스
295,학원로맨스
295,하이틴
295,친구>연인
295,연상연하
295,성장드라마
295,로맨스
296,액션
297,로맨스
298,드라마
299,드라마
300,로맨스
301,드라마
302,하이틴
302,로맨스
303,학원로맨스
303,로맨스
304,비밀연애
304,짝사랑
304,2030연애
304,로맨스코미디
304,현실로맨스
304,직진남
304,연상연하
304,연예계
304,로맨스
305,학원로맨스
305,서스펜스
305,빙의
305,로맨스
306,감성드라마
306,드라마
307,혐관로맨스
307,로판
307,구원서사
307,로맨스
307,소설원작
308,판타지
309,sf
309,스릴러
310,개그
311,동물
311,일상
312,스릴러
313,청춘로맨스
313,성장드라마
313,로맨스
314,다크판타지
314,액션
315,서스펜스
315,스릴러
316,먼치킨
316,판타지
317,스릴러
318,드라마&영화 원작웹툰
318,로맨스
319,개그
320,드라마&영화 원작웹툰
320,개그
321,드라마&영화 원작웹툰
321,개그
322,드라마&영화 원작웹툰
322,개그
323,드라마
324,병맛
324,학원물
324,괴담
324,스릴러
325,드라마
326,드라마
327,최강자전
327,2017 최강자전
327,판타지
328,동양풍판타지
328,판무
328,무협/사극
329,드라마
330,스릴러
331,드라마
332,로맨스
333,드라마
334,퓨전사극
334,로맨스
334,소설원작
335,힐링
335,감성
336,성별반전
336,로맨스
337,드라마
338,판타지
339,감성
340,드라마&영화 원작웹툰
340,의학드라마
340,드라마
341,드라마&영화 원작웹툰
341,의학드라마
341,드라마
342,스릴러
342,성인웹툰
343,일상
344,드라마
345,드라마
346,드라마
347,드라마
348,로맨스
349,최강자전
349,2020 최강자전
349,오컬트
349,판타지
350,로맨스
351,개그
352,드라마
353,2020 지상최대공모전
353,혐관로맨스
353,퓨전사극
353,로맨스
354,궁중로맨스
354,2020 지상최대공모전
354,퓨전사극
354,성장드라마
354,로맨스
355,계약연애
355,로맨스
355,소설원작
356,공감성수치
356,일상
357,드라마
358,2019 지상최대공모전
358,병맛
358,개그
359,드라마
360,스릴러
361,로맨스
362,복수극
362,드라마
363,로맨스
363,소설원작
364,드라마
365,계약연애
365,이세계
365,로맨스
366,드라마
367,드라마
368,스릴러
369,로맨스코미디
369,캠퍼스로맨스
369,삼각관계
369,로맨스
370,로맨스
371,하이퍼리얼리즘
371,일상
372,개그
373,게임판타지
373,먼치킨
373,판타지
374,스릴러
375,격투기
375,힐링
375,직업드라마
375,스포츠성장
375,먼치킨
375,스포츠
376,걸크러시
376,액션
377,스릴러
378,게임판타지
378,스포츠성장
378,액션
379,복수극
379,먼치킨
379,판타지
379,소설원작
380,아포칼립스
380,스릴러
381,좀비
381,액션
382,아포칼립스
382,판타지
383,스릴러
384,판타지
385,액션
386,스릴러
387,드라마
388,드라마
389,스릴러
390,판타지
391,sf
391,판타지
392,판타지
393,판타지
394,동양풍판타지
394,인외존재
394,성장드라마
394,걸크러시
394,드라마
395,판타지
396,로맨스
397,판타지
398,드라마
399,판타지
400,드라마
401,드라마
402,스릴러
403,드라마
404,일상
405,로맨스
405,소설원작
406,드라마
406,성인웹툰
407,연예계
407,드라마
408,액션
409,로맨스
409,소설원작
410,일상
411,액션
412,법정드라마
412,드라마&영화 원작웹툰
412,드라마
413,법정드라마
413,드라마&영화 원작웹툰
413,드라마
414,소꿉친구
414,청춘로맨스
414,연상연하
414,역하렘
414,삼각관계
414,로맨스
415,판타지
416,액션
417,로맨스코미디
417,캠퍼스로맨스
417,친구>연인
417,연상연하
417,로맨스
418,일상
419,스릴러
420,직업드라마
420,회귀
420,연예계
420,판타지
420,소설원작
421,로맨스
421,소설원작
422,로맨스
423,로맨스
423,소설원작
424,로맨스
425,로맨스
426,드라마
427,2019 지상최대공모전
427,스릴러
428,최강자전
428,2013 최강자전
428,판타지
429,판타지
430,2021 지상최대공모전
430,혐관로맨스
430,인외존재
430,로맨스
431,감성
432,액션
433,최강자전
433,2017 최강자전
433,학원물
433,성장드라마
433,액션
434,드라마
435,판타지
435,소설원작
436,스릴러
437,스릴러
437,소설원작
438,드라마
439,로맨스
440,드라마
440,소설원작
441,전남친
441,선결혼후연애
441,로맨스
441,소설원작
442,로맨스
443,2020 지상최대공모전
443,서스펜스
443,스릴러
444,액션
445,로맨스
446,학원로맨스
446,로맨스
446,소설원작
447,판타지
448,액션
449,드라마
450,판타지
451,격투기
451,드라마
452,야구
452,스포츠성장
452,스포츠
453,아이돌연애
453,2019 지상최대공모전
453,연예계
453,연상연하
453,로맨스
454,이능력배틀물
454,판타지
455,판타지
456,감성드라마
456,드라마
457,학원물
457,드라마
458,액션
459,스릴러
460,판타지
461,판타지
462,로맨스
463,드라마
463,성인웹툰
464,먼치킨
464,판타지
465,먼치킨
465,판타지
466,로맨스
467,판타지
468,회귀
468,로맨스
468,소설원작
469,판타지
470,스릴러
471,드라마
472,육아물
472,로판
472,로맨스
473,로맨스
474,로맨스
475,최강자전
475,2017 최강자전
475,판타지
476,판타지
477,인외존재
477,구원서사
477,로맨스
478,고자극로맨스
478,궁중로맨스
478,로맨스
478,소설원작
479,빙의
479,로맨스
480,성장드라마
480,동물
480,판타지
481,드라마
482,일상
483,로맨스
484,판타지
485,힐링
485,로맨스
486,로맨스
486,소설원작
487,판타지
487,성인웹툰
488,판타지
489,게임판타지
489,판타지
490,개그
491,스릴러
492,스포츠
493,아포칼립스
493,게임판타지
493,회귀
493,소년왕도물
493,먼치킨
493,판타지
493,소설원작
494,아포칼립스
494,드라마
495,로맨스
496,판타지
497,판타지
498,스릴러
499,최강자전
499,2013 최강자전
499,드라마
500,연상연하
500,걸크러시
500,로맨스
500,소설원작
501,드라마
502,스릴러
503,판타지
504,판타지
505,병맛
505,동물
505,개그
506,먼치킨
506,무협/사극
507,이세계
507,구원서사
507,로맨스
507,소설원작
508,판타지
509,판타지
509,소설원작
510,차원이동
510,판무
510,판타지
511,먼치킨
511,판타지
512,로맨스
512,소설원작
513,동양풍판타지
513,현실로맨스
513,퓨전사극
513,로맨스
513,소설원작
514,판타지
515,드라마
516,서스펜스
516,스릴러
516,성인웹툰
517,스릴러
518,힘숨찐
518,판타지
519,2021 지상최대공모전
519,인외존재
519,성장드라마
519,판타지
520,먼치킨
520,판타지
521,감성
522,드라마&영화 원작웹툰
522,병맛
522,개그
523,최강자전
523,2015 최강자전
523,판타지
524,드라마
525,삼각관계
525,로맨스
526,로맨스코미디
526,로판
526,개그
527,개그
528,아포칼립스
528,게임판타지
528,먼치킨
528,판타지
529,게임판타지
529,먼치킨
529,판타지
530,개그
531,병맛
531,인외존재
531,소년왕도물
531,먼치킨
531,동물
531,개그
532,공감성수치
532,로맨스
533,일상
534,2020 지상최대공모전
534,병맛
534,밀리터리
534,회귀
534,판타지
535,2020 지상최대공모전
535,병맛
535,힘숨찐
535,학원물
535,스포츠성장
535,액션
536,드라마
537,감성드라마
537,드라마
538,개그
539,오컬트
539,회귀
539,무협/사극
539,소설원작
540,판타지
541,판타지
542,힐링
542,의학드라마
542,드라마
543,드라마
543,성인웹툰
544,스릴러
545,최강자전
545,2018 최강자전
545,드라마
546,음식요리
546,일상
547,스릴러
548,오컬트
548,판타지
549,감성
550,드라마
551,스릴러
552,계략여주
552,스릴러
553,드라마
554,판타지
555,드라마&영화 원작웹툰
555,스릴러
556,로맨스
556,소설원작
557,차원이동
557,아포칼립스
557,판타지
557,소설원작
558,판타지
559,게임판타지
559,판타지
559,소설원작
560,2021 지상최대공모전
560,아포칼립스
560,이능력배틀물
560,판타지
561,판타지
562,드라마
563,개그
564,개그
565,로맨스
565,소설원작
566,일상
567,드라마
568,퓨전사극
568,로맨스
569,힐링
569,드라마
569,소설원작
570,로맨스
571,병맛
571,개그
572,드라마
573,드라마
574,스릴러
575,감성
576,직업드라마
576,드라마
577,액션
578,성별반전
578,직진남
578,삼각관계
578,빙의
578,로판
578,걸크러시
578,구원서사
578,로맨스
578,소설원작
579,로맨스
580,스릴러
580,성인웹툰
581,역사물
581,무협/사극
582,판타지
582,소설원작
583,성별반전
583,궁중로맨스
583,동양풍판타지
583,걸크러시
583,드라마
584,액션
585,액션
586,세계관
586,힘숨찐
586,판무
586,무협/사극
586,소설원작
587,개그
588,판무
588,무협/사극
589,레트로
589,괴담
589,스릴러
590,소꿉친구
590,학원로맨스
590,하이틴
590,친구>연인
590,청춘로맨스
590,성장드라마
590,드라마
591,드라마
592,최강자전
592,2018 최강자전
592,학원로맨스
592,로맨스
593,드라마
594,아포칼립스
594,인플루언서
594,스릴러
595,무협/사극
596,개그
597,의학드라마
597,무협/사극
598,판타지
599,로맨스코미디
599,로판
599,로맨스
599,소설원작
600,드라마
601,동물
601,판타지
602,드라마
603,계약연애
603,직진남
603,인외존재
603,연예계
603,삼각관계
603,뱀파이어
603,로맨스
604,최강자전
604,2020 최강자전
604,아포칼립스
604,드라마
605,2030연애
605,하이퍼리얼리즘
605,전남친
605,청춘로맨스
605,재회
605,연예계
605,삼각관계
605,드라마
606,드라마
607,액션
607,성인웹툰
608,드라마
609,스포츠
610,판타지
611,최강자전
611,2014 최강자전
611,판타지
612,로맨스
613,스릴러
614,오컬트
614,스릴러
615,스릴러
616,드라마
617,개그
618,개그
619,스릴러
620,스릴러
621,감성
622,최강자전
622,2016 최강자전
622,스릴러
623,사이비종교
623,스릴러
624,일상
625,사내연애
625,로맨스
625,소설원작
626,로맨스
627,로맨스
627,소설원작
628,동양풍판타지
628,판타지
629,2030연애
629,현실로맨스
629,하이퍼리얼리즘
629,오피스로맨스
629,로맨스
630,직업드라마
630,밀리터리
630,스릴러
631,프리퀄
631,밀리터리
631,하이퍼리얼리즘
631,서스펜스
631,스릴러
632,로맨스
632,소설원작
633,스릴러
633,소설원작
634,드라마
635,퓨전사극
635,로맨스
635,소설원작
636,판타지
636,소설원작
637,로맨스
638,다크판타지
638,판타지
639,2020 지상최대공모전
639,드라마
640,최강자전
640,2013 최강자전
640,판타지
641,캠퍼스로맨스
641,역하렘
641,삼각관계
641,로맨스
642,드라마
643,드라마
644,아포칼립스
644,스릴러
645,드라마
646,아포칼립스
646,감염
646,스릴러
647,오컬트
647,인외존재
647,로맨스
648,회귀
648,선결혼후연애
648,로맨스
648,소설원작
649,로맨스
650,판타지
651,판타지
652,판타지
653,스릴러
654,2020 지상최대공모전
654,판타지
655,2019 지상최대공모전
655,로맨스
656,음식요리
656,감성
657,개그
658,로맨스
659,아포칼립스
659,드라마
659,성인웹툰
660,힐링
660,학원로맨스
660,청춘로맨스
660,음식요리
660,감성드라마
660,로맨스
661,동양풍판타지
661,인외존재
661,성장드라마
661,드라마
662,차원이동
662,판타지
663,드라마
664,드라마
665,액션
666,스릴러
667,음식요리
667,드라마
668,히어로
668,일상
669,격투기
669,판타지
670,개그
671,판타지
672,로맨스
672,소설원작
673,음식요리
673,감성드라마
673,드라마
674,판타지
675,동양풍판타지
675,복수극
675,로맨스
676,스릴러
677,판타지
678,로맨스
678,소설원작
679,판타지
680,판타지
681,2021 지상최대공모전
681,게임판타지
681,먼치킨
681,판타지
682,판타지
683,로맨스
683,소설원작
684,고자극로맨스
684,궁중로맨스
684,까칠남
684,로맨스
684,소설원작
684,성인웹툰
685,드라마
686,판타지
687,개그
688,판타지
689,야구
689,스포츠
690,퓨전사극
690,동물
690,일상
691,로맨스
691,소설원작
692,학원물
692,서스펜스
692,복수극
692,드라마
692,성인웹툰
693,서스펜스
693,스릴러
694,스릴러
694,성인웹툰
695,로맨스
696,로맨스
697,두뇌싸움
697,스릴러
698,게임판타지
698,판무
698,판타지
698,소설원작
699,힐링
699,청춘로맨스
699,인플루언서
699,성장드라마
699,로맨스
700,최강자전
700,2019 최강자전
700,친구>연인
700,연상연하
700,연예계
700,삼각관계
700,로맨스
701,히어로
701,연예계
701,판타지
702,판타지
703,하이틴
703,청춘로맨스
703,레트로
703,드라마
704,2019 지상최대공모전
704,드라마
705,밀리터리
705,드라마
706,드라마
707,인플루언서
707,서스펜스
707,드라마
708,액션
709,힐링
709,드라마
710,오컬트
710,인외존재
710,이능력배틀물
710,성장드라마
710,다크판타지
710,판타지
711,오컬트
711,액션
712,액션
713,로맨스
713,소설원작
714,감성
715,로맨스
716,서스펜스
716,스릴러
717,로맨스
717,소설원작
718,사이다
718,병맛
718,학원물
718,성장드라마
718,드라마
719,드라마
720,판타지
721,드라마
722,역사물
722,무협/사극
723,괴담
723,스릴러
724,개그
725,일상
726,인플루언서
726,서스펜스
726,드라마
727,일상
728,액션
729,감성
730,로판
730,로맨스
730,소설원작
731,개그
732,판타지
732,소설원작
733,로맨스
734,액션
735,판타지
736,최강자전
736,2017 최강자전
736,스포츠성장
736,스포츠
737,드라마
738,드라마
739,2020 지상최대공모전
739,스릴러
740,로맨스
741,로맨스
742,2021 지상최대공모전
742,서스펜스
742,스릴러
743,아포칼립스
743,스릴러
744,스릴러
745,비밀연애
745,현실로맨스
745,직진남
745,오피스로맨스
745,사내연애
745,로맨스
746,판타지
747,사이다
747,동양풍판타지
747,복수극
747,먼치킨
747,액션
748,직업드라마
748,밀리터리
748,드라마
749,드라마
750,액션
751,환골탈태
751,세계관
751,사이다
751,소년왕도물
751,느와르
751,액션
752,히어로
752,액션
753,드라마
754,판타지
755,스릴러
756,아포칼립스
756,병맛
756,머니게임
756,개그
757,2021 지상최대공모전
757,판타지
758,두뇌싸움
758,느와르
758,액션
759,액션
760,판타지
761,드라마
762,드라마
763,2021 지상최대공모전
763,서스펜스
763,복수극
763,두뇌싸움
763,스릴러
764,일상
765,고자극로맨스
765,2030연애
765,직진남
765,오피스로맨스
765,로맨스
765,소설원작
766,드라마
767,판타지
768,2020 지상최대공모전
768,아포칼립스
768,좀비
768,감염
768,드라마
769,고자극로맨스
769,로맨스
769,성인웹툰
770,직업드라마
770,사이다
770,다크히어로
770,느와르
770,액션
771,드라마
772,무협/사극
773,농구
773,스포츠성장
773,스포츠
774,2019 지상최대공모전
774,축구
774,소년왕도물
774,스포츠성장
774,스포츠
775,복수극
775,판타지
776,스릴러
777,판타지
778,재회
778,로맨스
779,학원로맨스
779,뱀파이어
779,로맨스
780,스릴러
781,로맨스
782,이능력배틀물
782,스릴러
783,드라마
784,스릴러
785,로판
785,판타지
785,소설원작
786,드라마
787,드라마&영화 원작웹툰
787,느와르
787,액션
787,성인웹툰
788,드라마
789,판타지
790,로맨스
791,이세계
791,판타지
792,아포칼립스
792,좀비
792,감염
792,스릴러
793,로맨스
794,회귀
794,로맨스
795,드라마
796,로맨스
796,소설원작
797,드라마
798,드라마
799,하이틴
799,학원로맨스
799,친구>연인
799,걸크러시
799,로맨스
800,로맨스
801,연예계
801,로맨스
802,무협/사극
803,먼치킨
803,무협/사극
803,소설원작
804,드라마
805,드라마
806,일상
807,무협/사극
807,소설원작
808,이능력배틀물
808,소년왕도물
808,먼치킨
808,액션
809,개그
810,로맨스
810,소설원작
811,판타지
812,드라마
813,판타지
814,판타지
815,드라마
816,드라마
817,개그
818,퓨전사극
818,로맨스
818,소설원작
819,로맨스
820,이세계
820,음식요리
820,판타지
820,소설원작
821,사이다
821,스릴러
822,로맨스
823,드라마
824,스릴러
824,성인웹툰
825,로맨스
825,소설원작
826,격투기
826,액션
827,서바이벌
827,아포칼립스
827,학원로맨스
827,빙의
827,구원서사
827,판타지
828,스릴러
829,스릴러
830,스핀오프
830,스릴러
831,무협/사극
832,로맨스
833,개그
834,무협/사극
835,액션
836,감성드라마
836,드라마
837,드라마
838,직업드라마
838,머니게임
838,드라마
838,소설원작
839,액션
840,드라마
841,학원물
841,판타지
842,액션
842,성인웹툰
843,드라마
844,연상연하
844,로맨스
844,소설원작
845,스릴러
846,판타지
847,드라마
848,드라마
849,2021 지상최대공모전
849,오컬트
849,로맨스
850,서바이벌
850,아포칼립스
850,인플루언서
850,액션
851,일상
852,성장드라마
852,로맨스
853,액션
854,최강자전
854,2013 최강자전
854,판타지
855,판타지
856,삼각관계
856,로맨스
857,성장드라마
857,먼치킨
857,판타지
858,헌터물
858,먼치킨
858,판타지
858,소설원작
859,로맨스
859,소설원작
860,로맨스
861,로맨스
862,2030연애
862,삼각관계
862,복수극
862,걸크러시
862,로맨스
863,드라마&영화 원작웹툰
863,연상연하
863,로맨스
863,소설원작
864,로맨스
865,로맨스
866,소꿉친구
866,2021 최강자전
866,학원로맨스
866,하이틴
866,성장드라마
866,로맨스
867,드라마
868,병맛
868,개그
869,감성드라마
869,드라마
870,드라마
871,로맨스
871,소설원작
872,직업드라마
872,연예계
872,드라마
872,소설원작
873,드라마
874,드라마
875,소꿉친구
875,학원로맨스
875,하이틴
875,친구>연인
875,성장드라마
875,레트로
875,까칠남
875,로맨스
876,판타지
877,로맨스
878,고자극로맨스
878,혐관로맨스
878,선결혼후연애
878,로맨스
879,타임슬립
879,로맨스
880,로맨스
881,머니게임
881,드라마
882,로맨스
883,드라마
884,스릴러
885,힐링
885,육아물
885,이세계
885,드라마
885,소설원작
886,스릴러
886,성인웹툰
887,드라마
888,감성
889,스릴러
890,드라마
891,액션
892,학원로맨스
892,하이틴
892,직진남
892,삼각관계
892,까칠남
892,감성드라마
892,드라마
893,2019 지상최대공모전
893,공감성수치
893,드라마
894,로맨스
895,게임판타지
895,성장드라마
895,판타지
896,로맨스
897,개그
898,판타지
898,소설원작
899,하이퍼리얼리즘
899,레트로
899,드라마
900,판타지
901,오컬트
901,괴담
901,스릴러
902,2021 지상최대공모전
902,드라마
903,드라마
904,로맨스
905,판타지
906,드라마
906,성인웹툰
907,일상
908,로맨스
909,로맨스
909,소설원작
910,로맨스
911,연상연하
911,성장드라마
911,감성드라마
911,드라마
912,로맨스
913,2019 지상최대공모전
913,스릴러
914,드라마
915,소꿉친구
915,음식요리
915,로맨스
916,드라마&영화 원작웹툰
916,드라마
917,드라마&영화 원작웹툰
917,드라마
918,병맛
918,학원물
918,액션
919,개그
920,스릴러
921,로맨스
922,스릴러
923,로맨스
924,스포츠성장
924,일상
925,판타지
926,드라마
927,로맨스
928,로맨스
929,하이퍼리얼리즘
929,인플루언서
929,머니게임
929,드라마
930,현실로맨스
930,오피스로맨스
930,연상연하
930,사내연애
930,로맨스
930,소설원작
931,로맨스코미디
931,연예계
931,삼각관계
931,로맨스
932,로맨스코미디
932,로맨스
933,액션
934,회귀
934,로맨스
934,소설원작
935,판타지
936,로맨스
936,소설원작
937,2019 지상최대공모전
937,아포칼립스
937,판타지
938,소꿉친구
938,친구>연인
938,인외존재
938,로맨스
939,연예계
939,감성
939,소설원작
940,개그
942,일상
943,일상
944,일상
945,로맨스
946,드라마
947,학원로맨스
947,로맨스
948,로맨스
948,소설원작
949,개그
950,판타지
951,힘숨찐
951,학원물
951,액션
952,판타지
953,스릴러
954,서스펜스
954,괴담
954,스릴러
955,로맨스
956,액션
957,스포츠성장
957,스포츠
958,히어로
958,판타지
959,판타지
959,성인웹툰
960,판타지
960,성인웹툰
961,판타지
961,성인웹툰
962,판타지
962,성인웹툰
963,액션
964,다크판타지
964,판타지
965,드라마
966,아포칼립스
966,스릴러
966,성인웹툰
967,성장드라마
967,감성드라마
967,로맨스
968,로맨스
969,판타지
970,판타지
971,현실로맨스
971,드라마
972,드라마
973,로맨스
973,소설원작
974,병맛
974,판타지
975,계약연애
975,회귀
975,선결혼후연애
975,구원서사
975,로맨스
975,소설원작
976,인외존재
976,뱀파이어
976,다크판타지
976,액션
977,액션
977,소설원작
978,로맨스
979,최강자전
979,2013 최강자전
979,드라마
980,로맨스코미디
980,궁중로맨스
980,계약연애
980,삼각관계
980,로판
980,로맨스
980,소설원작
981,드라마
982,개그
983,최강자전
983,2017 최강자전
983,드라마
984,오컬트
984,스릴러
985,역사물
985,무협/사극
985,소설원작
986,영화원작웹툰
986,드라마&영화 원작웹툰
986,판타지
987,소년왕도물
987,액션
988,아포칼립스
988,이능력배틀물
988,액션
989,판타지
990,스릴러
990,성인웹툰
991,로맨스
991,소설원작
992,2019 지상최대공모전
992,인외존재
992,로판
992,로맨스
993,스릴러
994,액션
995,로맨스
996,판타지
997,판타지
998,판타지
999,판타지
1000,세계관
1000,이능력배틀물
1000,소년왕도물
1000,먼치킨
1000,판타지
1001,드라마
1002,판타지
1003,아포칼립스
1003,사이다
1003,게임판타지
1003,회귀
1003,헌터물
1003,소년왕도물
1003,먼치킨
1003,구원서사
1003,판타지
1003,소설원작
1004,판타지
1005,판타지
1006,개그
1007,개그
1008,개그
1009,개그
1010,스릴러
1011,스릴러
1011,성인웹툰
1012,스릴러
1013,드라마
1014,드라마
1015,판타지
1016,드라마&영화 원작웹툰
1016,드라마
1017,격투기
1017,액션
1018,학원물
1018,인플루언서
1018,소년왕도물
1018,액션
1019,학원물
1019,인플루언서
1019,복수극
1019,액션
1020,학원물
1020,액션
1021,최강자전
1021,2014 최강자전
1021,드라마
1022,사이다
1022,두뇌싸움
1022,구원서사
1022,드라마
1023,청춘로맨스
1023,로맨스
1024,액션
1025,계략여주
1025,2021 지상최대공모전
1025,현실로맨스
1025,서스펜스
1025,로맨스
1026,판타지
1027,로맨스
1027,소설원작
1028,궁중로맨스
1028,혐관로맨스
1028,걸크러시
1028,드라마
1029,로맨스
1029,소설원작
1030,일상
1031,영화원작웹툰
1031,스릴러
1032,타임슬립
1032,회귀
1032,학원로맨스
1032,삼각관계
1032,로맨스
1033,로맨스
1034,사이비종교
1034,스릴러
1035,일상
1036,이능력배틀물
1036,판타지
1037,판타지
1037,소설원작
1038,드라마
1039,스릴러
1040,로맨스
1040,소설원작
1041,최강자전
1041,2013 최강자전
1041,판타지
1042,드라마
1043,드라마
1044,드라마
1044,성인웹툰
1045,2020 지상최대공모전
1045,동양풍판타지
1045,판타지
1046,로판
1046,로맨스
1046,소설원작
1047,다크판타지
1047,판타지
1048,드라마
1049,드라마
1050,드라마
1051,개그
1052,아이돌연애
1052,로맨스코미디
1052,2021 지상최대공모전
1052,좀비
1052,연예계
1052,로맨스
1053,2020 지상최대공모전
1053,연예계
1053,성장드라마
1053,드라마
1054,드라마&영화 원작웹툰
1054,감성드라마
1054,드라마
1055,육아물
1055,감성드라마
1055,드라마
1056,판타지
1057,판타지
1058,무협/사극
1059,무협/사극
1060,2019 지상최대공모전
1060,인외존재
1060,이능력배틀물
1060,액션
1061,일상
1062,스릴러
1063,드라마&영화 원작웹툰
1063,스릴러
1064,드라마&영화 원작웹툰
1064,스릴러
1065,전남친
1065,재회
1065,연예계
1065,선결혼후연애
1065,로맨스
1065,소설원작
1066,최강자전
1066,2019 최강자전
1066,판타지
1067,판타지
1067,소설원작
1068,최강자전
1068,2015 최강자전
1068,판타지
1069,일상
1070,2030연애
1070,현실로맨스
1070,감성드라마
1070,로맨스
1071,2021 지상최대공모전
1071,빙의
1071,로맨스
1072,개그
1073,액션
1073,소설원작
1074,액션
1075,로맨스
1075,소설원작
1076,드라마
1077,계약연애
1077,인외존재
1077,로맨스
1078,스릴러
1079,2020 지상최대공모전
1079,괴담
1079,스릴러
1080,스릴러
1080,성인웹툰
1081,스릴러
1082,스릴러
1083,최강자전
1083,2018 최강자전
1083,스릴러
1084,드라마
1085,인외존재
1085,로맨스
1086,2019 지상최대공모전
1086,오컬트
1086,서스펜스
1086,스릴러
1087,드라마&영화 원작웹툰
1087,성장드라마
1087,드라마
1088,감성
1089,감성
1090,일상
1091,로맨스
1092,로맨스
1093,판타지
1094,소꿉친구
1094,현실로맨스
1094,캠퍼스로맨스
1094,직진남
1094,까칠남
1094,드라마
1095,스릴러
1096,로맨스
1097,드라마
1098,드라마
1099,히어로
1099,이능력배틀물
1099,이세계
1099,판타지
1100,최강자전
1100,2017 최강자전
1100,개그
1101,스릴러
1101,성인웹툰
1102,2030연애
1102,로맨스코미디
1102,현실로맨스
1102,하이틴
1102,하이퍼리얼리즘
1102,청춘로맨스
1102,로맨스
1102,성인웹툰
1103,힐링
1103,음식요리
1103,성장드라마
1103,동물
1103,일상
1104,판무
1104,판타지
1105,개그
1106,액션
1107,개그
1108,동물
1108,로맨스
1109,액션
1110,스릴러
1111,드라마
1112,판타지
1112,소설원작
1113,스핀오프
1113,스릴러
1114,드라마&영화 원작웹툰
1114,힘숨찐
1114,학원물
1114,액션
1115,드라마
1116,스릴러
1117,최강자전
1117,2017 최강자전
1117,힘숨찐
1117,히어로
1117,이능력배틀물
1117,먼치킨
1117,판타지
1118,성별반전
1118,로맨스코미디
1118,로판
1118,로맨스
1118,소설원작
1119,아포칼립스
1119,좀비
1119,감염
1119,스릴러
1120,청춘로맨스
1120,로맨스
1121,드라마
1121,소설원작
1122,캠퍼스로맨스
1122,로맨스
1123,드라마
1124,드라마
1125,히어로
1125,액션
1126,히어로
1126,액션
1127,판타지
1128,감성드라마
1128,드라마
1129,드라마&영화 원작웹툰
1129,로맨스
1130,로맨스코미디
1130,2021 지상최대공모전
1130,선결혼후연애
1130,로맨스
1131,개그
1132,액션
1133,전남친
1133,로맨스
1134,사이다
1134,회귀
1134,복수극
1134,로판
1134,로맨스
1134,소설원작
1135,스릴러
1136,히어로
1136,판타지
1137,판타지
1138,병맛
1138,개그
1139,좀비
1139,스릴러
1140,감성드라마
1140,드라마
1141,판타지
1142,타임슬립
1142,학원물
1142,드라마
1143,로맨스
1144,판타지
1145,인플루언서
1145,드라마
1146,드라마
1147,일상
1148,드라마
1149,두뇌싸움
1149,판타지
1150,로맨스
1151,로맨스
1152,로맨스
1153,게임판타지
1153,소년왕도물
1153,판타지
1154,드라마
1155,스릴러
1156,빙의
1156,로판
1156,구원서사
1156,까칠남
1156,로맨스
1156,소설원작
1157,2020 지상최대공모전
1157,학원로맨스
1157,역하렘
1157,빙의
1157,로판
1157,로맨스
1158,차원이동
1158,병맛
1158,먼치킨
1158,판타지
1159,감성
1160,액션
1161,드라마
1162,개그
1163,성별반전
1163,2020 지상최대공모전
1163,로맨스
1164,드라마
1165,힐링
1165,학원로맨스
1165,삼각관계
1165,로맨스
1166,직업드라마
1166,스포츠성장
1166,성장드라마
1166,드라마
1167,드라마&영화 원작웹툰
1167,인플루언서
1167,삼각관계
1167,로맨스
1168,타임슬립
1168,로맨스
1169,2020 지상최대공모전
1169,하이틴
1169,학원로맨스
1169,드라마
1170,동양풍판타지
1170,퓨전사극
1170,로맨스
1171,동양풍판타지
1171,판타지
1172,2030연애
1172,청춘로맨스
1172,성장드라마
1172,공감성수치
1172,개그
1173,판타지
1173,소설원작
1174,연예계
1174,삼각관계
1174,드라마
1175,드라마&영화 원작웹툰
1175,하이퍼리얼리즘
1175,성장드라마
1175,감성드라마
1175,드라마
1176,드라마
1177,개그
1178,소년왕도물
1178,판타지
1178,소설원작
1179,음식요리
1179,개그
1180,연예계
1180,드라마
1181,스릴러
1182,스릴러
1183,학원로맨스
1183,드라마
1184,드라마
1185,직진남
1185,전남친
1185,인플루언서
1185,삼각관계
1185,로맨스
1186,학원로맨스
1186,삼각관계
1186,로맨스
1187,로맨스
1188,스핀오프
1188,로맨스
1189,개그
1190,드라마
1191,혐관로맨스
1191,학원로맨스
1191,하이틴
1191,드라마
1192,드라마
1193,걸크러시
1193,감성
1194,청춘로맨스
1194,드라마
1195,스릴러
1196,로맨스
1197,계약연애
1197,퓨전사극
1197,선결혼후연애
1197,로맨스
1197,소설원작
1198,개그
1199,드라마
1200,게임판타지
1200,먼치킨
1200,판타지
1201,로맨스
1201,소설원작
1202,로맨스
1203,로맨스
1204,로맨스
1205,판타지
1206,로맨스
1207,로맨스
1208,드라마
1209,2020 지상최대공모전
1209,오컬트
1209,액션
1210,프리퀄
1210,아포칼립스
1210,스릴러
1211,드라마
1212,드라마
1213,로맨스
1213,소설원작
1214,개그
1215,까칠남
1215,판타지
1215,소설원작
1216,드라마
1217,로맨스
1218,로맨스
1219,현실로맨스
1219,캠퍼스로맨스
1219,청춘로맨스
1219,까칠남
1219,로맨스
1220,친구>연인
1220,삼각관계
1220,로맨스
1221,판타지
1222,학원물
1222,성장드라마
1222,드라마
1223,2020 지상최대공모전
1223,드라마
1224,로맨스
1225,로맨스
1225,소설원작
1226,로맨스
1226,소설원작
1227,일상
1228,로맨스
1229,로맨스
1230,드라마
1231,감성
1232,드라마&영화 원작웹툰
1232,개그
1233,드라마
1234,드라마
1235,로맨스
1235,소설원작
1236,드라마
1237,환골탈태
1237,2021 지상최대공모전
1237,친구>연인
1237,연예계
1237,로맨스
1238,개그
1239,로맨스
1240,드라마
1241,드라마
1242,드라마&영화 원작웹툰
1242,로맨스
1243,로맨스코미디
1243,학원로맨스
1243,하이틴
1243,로맨스
1244,최강자전
1244,2019 최강자전
1244,히어로
1244,판타지
1245,아포칼립스
1245,판타지
1246,로맨스
1247,드라마
1248,서스펜스
1248,스릴러
1249,개그
1250,학원로맨스
1250,하이틴
1250,삼각관계
1250,일상
1251,일상
1252,계약연애
1252,연예계
1252,로맨스
1252,소설원작
1253,역사물
1253,무협/사극
1254,드라마
1255,판타지
1256,최강자전
1256,2017 최강자전
1256,로맨스
1257,타임슬립
1257,성장드라마
1257,드라마
1258,병맛
1258,이세계
1258,인외존재
1258,로맨스
1259,판타지
1260,히어로
1260,이세계
1260,이능력배틀물
1260,성장드라마
1260,판타지
1260,소설원작
1261,로맨스
1261,소설원작
1262,액션
1262,소설원작
1263,타임슬립
1263,고자극로맨스
1263,회귀
1263,로맨스
1264,로맨스
1265,드라마
1266,인플루언서
1266,스릴러
1267,고자극로맨스
1267,혐관로맨스
1267,인외존재
1267,뱀파이어
1267,드라마
1268,로맨스
1269,개그
1270,인외존재
1270,성장드라마
1270,뱀파이어
1270,드라마
1271,일상
1272,개그
1273,개그
1274,로맨스
1275,스릴러
1276,혐관로맨스
1276,계약연애
1276,회귀
1276,선결혼후연애
1276,로맨스
1276,소설원작
1277,로맨스
1277,소설원작
1278,로맨스
1278,소설원작
1279,혐관로맨스
1279,로맨스
1280,학원물
1280,서스펜스
1280,액션
1281,최강자전
1281,2019 최강자전
1281,판타지
1282,2020 지상최대공모전
1282,사이다
1282,드라마
1283,퓨전사극
1283,성장드라마
1283,드라마
1284,무협/사극
1285,로맨스
1285,소설원작
1286,학원물
1286,먼치킨
1286,드라마
1287,판타지
1288,직업드라마
1288,음식요리
1288,소년왕도물
1288,드라마
1289,개그
1290,스릴러
1291,영화원작웹툰
1291,액션
1292,드라마
1293,빙의
1293,로판
1293,로맨스
1293,소설원작
1294,로맨스
1295,무협/사극
1296,차원이동
1296,아포칼립스
1296,먼치킨
1296,다크판타지
1296,액션
1297,판무
1297,판타지
1298,음식요리
1298,판타지
1298,소설원작
1299,드라마
1300,로맨스
1301,로맨스
1302,일상
1303,일상
1304,연예계
1304,로맨스
1305,2021 지상최대공모전
1305,학원로맨스
1305,역하렘
1305,로맨스
1306,드라마
1307,드라마
1308,감성
1309,개그
1310,로맨스
1311,감성
1312,일상
1313,2021 지상최대공모전
1313,성장드라마
1313,드라마
1314,로맨스
1315,스릴러
1316,계약연애
1316,하이틴
1316,로맨스
1317,로맨스
1318,개그
1319,로맨스
1320,판타지
1321,직업드라마
1321,판타지
1321,소설원작
1322,드라마&영화 원작웹툰
1322,로맨스
1323,스릴러
1323,성인웹툰
1324,로판
1324,로맨스
1325,감성
1326,개그
1327,개그
1328,일상
1329,힐링
1329,감성
1330,판타지
1331,로맨스
1331,소설원작
1332,계약연애
1332,캠퍼스로맨스
1332,로맨스
1333,빙의
1333,로맨스
1333,소설원작
1334,괴담
1334,스릴러
1335,판타지
1336,전남친
1336,선결혼후연애
1336,로맨스
1337,드라마
1338,드라마
1339,일상
1340,로맨스
1341,야구
1341,스포츠성장
1341,스포츠
1342,판타지
1342,소설원작
1343,음식요리
1343,로맨스
1344,서스펜스
1344,드라마
1345,드라마
1346,개그
1347,2020 지상최대공모전
1347,아포칼립스
1347,좀비
1347,감염
1347,감성드라마
1347,드라마
1348,드라마&영화 원작웹툰
1348,로맨스
1349,스릴러
1349,성인웹툰
1350,선결혼후연애
1350,로맨스
1350,소설원작
1351,로맨스
1351,소설원작
1352,스포츠성장
1352,스포츠
1353,로판
1353,로맨스
1354,일상
1355,스릴러
1356,판타지
1357,로맨스
1358,프리퀄
1358,로맨스
1359,판타지
1360,퓨전사극
1360,로맨스
1361,연예계
1361,삼각관계
1361,로맨스
1362,드라마
1363,머니게임
1363,드라마
1364,로맨스
1364,소설원작
1365,드라마&영화 원작웹툰
1365,드라마
1366,드라마&영화 원작웹툰
1366,드라마
1367,오컬트
1367,동양풍판타지
1367,다크히어로
1367,먼치킨
1367,판타지
1368,판타지
1369,인외존재
1369,로맨스
1370,스릴러
1371,스릴러
1371,성인웹툰
1372,계약연애
1372,로맨스
1372,소설원작
1373,짝사랑
1373,현실로맨스
1373,친구>연인
1373,청춘로맨스
1373,캠퍼스로맨스
1373,삼각관계
1373,로맨스
1374,현실로맨스
1374,하이퍼리얼리즘
1374,청춘로맨스
1374,오피스로맨스
1374,삼각관계
1374,로맨스
1375,드라마
1376,연예계
1376,로맨스
1377,차원이동
1377,동양풍판타지
1377,로맨스
1378,판타지
1378,소설원작
1379,드라마
1380,혐관로맨스
1380,캠퍼스로맨스
1380,연상연하
1380,연예계
1380,걸크러시
1380,로맨스
1381,히어로
1381,이능력배틀물
1381,판타지
1382,개그
1383,개그
1384,개그
1385,로맨스
1386,액션
1387,재회
1387,구원서사
1387,로맨스
1388,오피스로맨스
1388,사내연애
1388,로맨스
1388,소설원작
1389,개그
1390,드라마
1391,드라마
1392,로맨스
1393,로맨스
1393,소설원작
1394,차원이동
1394,동양풍판타지
1394,로맨스
1395,법정드라마
1395,드라마&영화 원작웹툰
1395,힐링
1395,직업드라마
1395,성장드라마
1395,드라마
1396,로맨스
1397,로맨스
1398,차원이동
1398,병맛
1398,개그
1399,로맨스
1400,드라마
1401,로맨스
1401,소설원작
1402,캠퍼스로맨스
1402,서스펜스
1402,드라마
1403,구원서사
1403,로맨스
1403,소설원작
1404,학원물
1404,서스펜스
1404,복수극
1404,스릴러
1405,로맨스
1405,소설원작
1406,판타지
1407,액션
1408,서스펜스
1408,스릴러
1408,성인웹툰
1409,드라마
1410,드라마
1411,드라마
1412,힐링
1412,학원로맨스
1412,청춘로맨스
1412,삼각관계
1412,로맨스
1413,드라마
1414,타임슬립
1414,사이다
1414,학원물
1414,액션
1415,힘숨찐
1415,이능력배틀물
1415,다크히어로
1415,판타지
1416,드라마
1417,최강자전
1417,2018 최강자전
1417,학원로맨스
1417,친구>연인
1417,인외존재
1417,삼각관계
1417,로맨스
1418,액션
1419,판타지
1420,로맨스
1420,소설원작
1421,스포츠성장
1421,스포츠
1422,느와르
1422,액션
1422,성인웹툰
1423,드라마
1424,세계관
1424,학원물
1424,이능력배틀물
1424,성장드라마
1424,동물
1424,액션
1425,스릴러
1426,일상
1427,2021 지상최대공모전
1427,스릴러
1428,액션
1428,소설원작
1429,사이다
1429,액션
1430,액션
1431,드라마
1432,무협/사극
1432,소설원작
1433,감성
1434,로맨스
1434,소설원작
1435,개그
1436,밀리터리
1436,학원물
1436,먼치킨
1436,액션
1437,판타지
1438,개그
1439,계략여주
1439,학원로맨스
1439,복수극
1439,드라마
1440,축구
1440,스포츠
1441,로맨스
1442,일상
1443,드라마
1444,최강자전
1444,2017 최강자전
1444,괴담
1444,스릴러
1445,2021 지상최대공모전
1445,하이틴
1445,로맨스
1446,세계관
1446,판무
1446,복수극
1446,판타지
1447,드라마
1447,성인웹툰
1448,일상
1449,드라마
1450,로맨스
1451,연예계
1451,스릴러
1452,드라마
1453,사이다
1453,힘숨찐
1453,판무
1453,먼치킨
1453,무협/사극
1453,소설원작
1454,로맨스
1455,액션
1456,아포칼립스
1456,이능력배틀물
1456,판타지
1457,타임슬립
1457,드라마&영화 원작웹툰
1457,회귀
1457,복수극
1457,빙의
1457,두뇌싸움
1457,드라마
1457,소설원작
1458,게임판타지
1458,판타지
1459,스릴러
1460,스릴러
1461,궁중로맨스
1461,혐관로맨스
1461,직진남
1461,이세계
1461,연상연하
1461,역하렘
1461,선결혼후연애
1461,삼각관계
1461,로판
1461,걸크러시
1461,로맨스
1461,소설원작
1462,액션
1463,현실로맨스
1463,하이퍼리얼리즘
1463,인플루언서
1463,드라마
1464,액션
1465,세계관
1465,이세계
1465,다크히어로
1465,판타지
1465,소설원작
1466,드라마
1467,액션
1468,2019 지상최대공모전
1468,드라마
1469,스릴러
1470,로맨스
1470,소설원작
1471,스릴러
1471,성인웹툰
1472,로맨스
1473,액션
1474,로맨스
1475,로맨스
1476,드라마
1476,소설원작
1477,액션
1478,판타지
1478,소설원작
1479,판타지
1480,서바이벌
1480,세계관
1480,아포칼립스
1480,게임판타지
1480,헌터물
1480,이능력배틀물
1480,소년왕도물
1480,빙의
1480,먼치킨
1480,두뇌싸움
1480,구원서사
1480,판타지
1480,소설원작
1481,환골탈태
1481,무협/사극
1481,소설원작
1482,게임판타지
1482,학원물
1482,액션
1483,스릴러
1484,로맨스
1485,이능력배틀물
1485,먼치킨
1485,액션
1486,직업드라마
1486,성장드라마
1486,드라마
1487,액션
1488,음식요리
1488,드라마
1489,스릴러
1490,스릴러
1491,드라마
1492,최강자전
1492,2015 최강자전
1492,두뇌싸움
1492,걸크러시
1492,판타지
1493,느와르
1493,액션
1494,2020 지상최대공모전
1494,sf
1494,스릴러
1495,판타지
1496,축구
1496,스포츠
1497,무협/사극
1498,동양풍판타지
1498,퓨전사극
1498,로맨스
1498,소설원작
1499,개그
1500,좀비
1500,판타지
1501,개그
1502,아포칼립스
1502,스릴러
1503,비밀연애
1503,현실로맨스
1503,오피스로맨스
1503,사내연애
1503,로맨스
1504,머니게임
1504,스릴러
1505,학원물
1505,역하렘
1505,로맨스
1506,액션
1507,격투기
1507,액션
1508,좀비
1508,드라마
1509,다크판타지
1509,판타지
1509,성인웹툰
1510,액션
1511,2021 지상최대공모전
1511,공감성수치
1511,로맨스
1511,소설원작
1512,로맨스
1513,로맨스
1514,로맨스
1515,삼각관계
1515,로맨스
1516,개그
1517,스릴러
1518,회귀
1518,개그
1519,드라마
1520,드라마
1521,직진남
1521,로맨스
1521,소설원작
1522,로맨스
1523,2019 지상최대공모전
1523,서스펜스
1523,복수극
1523,걸크러시
1523,스릴러
1524,판타지
1525,감성드라마
1525,드라마
1526,사이다
1526,학원물
1526,액션
1527,로맨스
1528,로맨스
1528,소설원작
1529,드라마
1530,판타지
1531,육아물
1531,회귀
1531,빙의
1531,로맨스
1531,소설원작
1532,직업드라마
1532,사이다
1532,의학드라마
1532,드라마
1532,소설원작
1533,일상
1534,스릴러
1534,성인웹툰
1535,액션
1536,판타지
1536,소설원작
1537,드라마
1538,로맨스
1538,소설원작
1539,로맨스
1540,서스펜스
1540,복수극
1540,두뇌싸움
1540,스릴러
1541,농구
1541,드라마
1542,판타지
1543,판타지
1544,2021 지상최대공모전
1544,서스펜스
1544,다크판타지
1544,스릴러
1545,사이다
1545,학원물
1545,액션
1546,로판
1546,까칠남
1546,로맨스
1546,소설원작
1547,액션
1548,하이퍼리얼리즘
1548,일상
1549,드라마
1550,감성
1551,개그
1552,판타지
1553,액션
1554,로맨스
1555,2021 지상최대공모전
1555,계약연애
1555,친구>연인
1555,오피스로맨스
1555,선결혼후연애
1555,사내연애
1555,로맨스
1556,개그
1557,개그
1558,로맨스코미디
1558,병맛
1558,학원로맨스
1558,하이틴
1558,역하렘
1558,로맨스
1559,로맨스
1560,2019 지상최대공모전
1560,액션
1561,오컬트
1561,학원물
1561,성장드라마
1561,드라마
1562,감성
1563,짝사랑
1563,로맨스
1564,로맨스
1565,짝사랑
1565,하이틴
1565,로맨스
1566,2020 지상최대공모전
1566,로맨스
1567,하이퍼리얼리즘
1567,레트로
1567,드라마
1568,현실로맨스
1568,로맨스
1569,2020 지상최대공모전
1569,드라마
1570,판타지
1571,스릴러
1572,개그
1573,드라마
1574,액션
1575,드라마
1576,드라마
1577,드라마
1578,사이다
1578,학원물
1578,다크히어로
1578,먼치킨
1578,액션
1579,인외존재
1579,로맨스
1580,드라마&영화 원작웹툰
1580,드라마
1582,아포칼립스
1582,판타지
1583,판타지
1584,법정드라마
1584,드라마
1586,역사물
1586,무협/사극
1587,로맨스
1588,동양풍판타지
1588,판타지
1589,판타지
1590,개그
1591,판타지
1591,소설원작
1592,게임판타지
1592,회귀
1592,먼치킨
1592,무협/사극
1592,소설원작
1593,드라마
1594,소년왕도물
1594,판타지
1595,로맨스
1595,소설원작
1596,게임판타지
1596,액션
1596,소설원작
1597,일상
1598,드라마
1599,환골탈태
1599,무협/사극
1599,소설원작
1600,먼치킨
1600,무협/사극
1601,최강자전
1601,2014 최강자전
1601,로맨스
1602,2021 지상최대공모전
1602,sf
1602,학원로맨스
1602,학원물
1602,성장드라마
1602,로맨스
1603,개그
1604,개그
1605,로맨스
1605,소설원작
1606,드라마&영화 원작웹툰
1606,학원로맨스
1606,하이틴
1606,캠퍼스로맨스
1606,삼각관계
1606,성장드라마
1606,까칠남
1606,로맨스
1607,로맨스코미디
1607,2021 지상최대공모전
1607,현실로맨스
1607,학원로맨스
1607,하이틴
1607,학원물
1607,친구>연인
1607,사이비종교
1607,로맨스
1608,2030연애
1608,로맨스코미디
1608,캠퍼스로맨스
1608,청춘로맨스
1608,로맨스
1609,드라마
1610,액션
1611,드라마
1612,판타지
1612,성인웹툰
1613,액션
1613,소설원작
1614,히어로
1614,헌터물
1614,이능력배틀물
1614,판타지
1614,소설원작
1615,최강자전
1615,2018 최강자전
1615,이능력배틀물
1615,소년왕도물
1615,액션
1616,게임판타지
1616,먼치킨
1616,액션
1617,액션
1618,병맛
1618,개그
1619,게임판타지
1619,판타지
1620,이세계
1620,성장드라마
1620,판타지
1621,판타지
1622,직업드라마
1622,밀리터리
1622,게임판타지
1622,음식요리
1622,판타지
1622,소설원작
1623,개그
1624,로맨스
1626,스릴러
1627,학원물
1627,서스펜스
1627,드라마
1628,최강자전
1628,2018 최강자전
1628,서스펜스
1628,드라마
1629,아포칼립스
1629,스릴러
1630,스릴러
1630,성인웹툰
1631,로맨스
1632,판타지
1633,판타지
1634,최강자전
1634,2018 최강자전
1634,성장드라마
1634,걸크러시
1634,감성드라마
1634,드라마
1635,로맨스
1635,소설원작
1636,역사물
1636,판무
1636,무협/사극
1637,세계관
1637,사이다
1637,판무
1637,무협/사극
1637,소설원작
1638,판타지
1639,복수극
1639,느와르
1639,액션
1640,로맨스
1641,드라마&영화 원작웹툰
1641,스릴러
1642,최강자전
1642,2019 최강자전
1642,판타지
1643,판타지
1644,스릴러
1645,드라마
1646,액션
1647,드라마
1648,세계관
1648,인외존재
1648,다크판타지
1648,판타지
1649,병맛
1649,동물
1649,개그
1650,게임판타지
1650,학원물
1650,드라마
1651,드라마&영화 원작웹툰
1651,스릴러
1652,스릴러
1653,로맨스
1654,액션
1655,판타지
1656,세계관
1656,이세계
1656,걸크러시
1656,판타지
1657,스릴러
1658,드라마
1660,개그
1661,2021 지상최대공모전
1661,현실로맨스
1661,까칠남
1661,로맨스
1662,드라마&영화 원작웹툰
1662,오피스로맨스
1662,로맨스
1662,소설원작
1663,판타지
1664,로맨스
1664,소설원작
1665,격투기
1665,액션
1666,액션
1666,소설원작
1667,두뇌싸움
1667,드라마
1668,개그
1669,액션
1669,소설원작
1670,힘숨찐
1670,액션
1671,액션
1672,스릴러
1673,드라마&영화 원작웹툰
1673,스릴러
1674,로맨스
1675,스릴러
1676,개그
1677,드라마
1678,판타지
1679,밀리터리
1679,드라마
1680,개그
1681,개그
1682,개그
1683,스릴러
1684,축구
1684,스포츠성장
1684,스포츠
1685,격투기
1685,스포츠성장
1685,스포츠
1686,좀비
1686,드라마
1687,게임판타지
1687,판타지
1688,액션
1689,무협/사극
1690,서스펜스
1690,스릴러
1691,일상
1692,드라마
1693,다크히어로
1693,액션
1694,힘숨찐
1694,먼치킨
1694,액션
1695,판타지
1696,일상
1697,2019 지상최대공모전
1697,스릴러
1697,성인웹툰
1698,드라마
1699,액션
1700,로맨스
1700,소설원작
1701,오컬트
1701,액션
1701,소설원작
1702,액션
1703,로맨스
1704,최강자전
1704,2015 최강자전
1704,인외존재
1704,로맨스
1705,회귀
1705,이능력배틀물
1705,복수극
1705,먼치킨
1705,액션
1706,로맨스
1707,아포칼립스
1707,사이다
1707,게임판타지
1707,헌터물
1707,먼치킨
1707,액션
1707,소설원작
1708,개그
1709,세계관
1709,이능력배틀물
1709,판타지
1710,드라마
1711,소년왕도물
1711,판타지
1712,아포칼립스
1712,좀비
1712,판타지
1713,판타지
1714,판타지
1715,드라마
1716,드라마
1717,판타지
1718,sf
1718,인외존재
1718,판타지
1719,스포츠
1720,판타지
1721,판타지
1722,로맨스
1723,액션
1724,드라마
1725,로맨스
1726,액션
1727,스릴러
1728,액션
1729,일상
1730,법정드라마
1730,직업드라마
1730,회귀
1730,드라마
1730,소설원작
1731,개그
1732,게임판타지
1732,판타지
1733,판타지
1734,퓨전사극
1734,로맨스
1734,소설원작
1735,계략여주
1735,하이퍼리얼리즘
1735,인플루언서
1735,드라마
1736,일상
1737,드라마
1738,드라마
1739,드라마&영화 원작웹툰
1739,드라마
1740,오피스로맨스
1740,로맨스
1741,2021 지상최대공모전
1741,힐링
1741,성장드라마
1741,드라마
1742,스릴러
1743,판타지
1744,판타지
1745,드라마
1746,드라마
1747,드라마
1748,2020 지상최대공모전
1748,사이비종교
1748,스릴러
1749,판타지
1750,개그
1751,액션
1752,아포칼립스
1752,사이비종교
1752,스릴러
1752,성인웹툰
1753,차원이동
1753,사이다
1753,빙의
1753,걸크러시
1753,로맨스
1753,소설원작
1754,로맨스
1755,개그
1756,액션
1757,액션
1758,스릴러
1759,스릴러
1760,개그
1761,2020 지상최대공모전
1761,드라마
1762,판타지
1763,힐링
1763,하이퍼리얼리즘
1763,성장드라마
1763,사이비종교
1763,감성드라마
1763,드라마
1764,캠퍼스로맨스
1764,로맨스
1765,판타지
1766,액션
1767,아이돌연애
1767,2021 지상최대공모전
1767,드라마
1768,스릴러
1768,성인웹툰
1769,힘숨찐
1769,학원물
1769,성장드라마
1769,드라마
1770,육아물
1770,드라마
1771,개그
1772,개그
1773,드라마
1774,감성
1775,아이돌연애
1775,캠퍼스로맨스
1775,직진남
1775,연예계
1775,삼각관계
1775,로맨스
1776,게임판타지
1776,이능력배틀물
1776,액션
1777,최강자전
1777,먼치킨
1777,판타지
1778,판타지
1779,액션
1780,스릴러
1780,성인웹툰
1781,힘숨찐
1781,스릴러
1782,병맛
1782,개그
1783,스릴러
1784,복수극
1784,스릴러
1784,성인웹툰
1785,아포칼립스
1785,이능력배틀물
1785,판타지
1786,스릴러
1786,성인웹툰
1787,로맨스
1788,일상
1789,드라마
1790,판타지
1790,소설원작
1791,학원로맨스
1791,개그
1792,판타지
1793,로맨스
1794,드라마
1795,드라마
1796,2020 지상최대공모전
1796,스릴러
1797,고자극로맨스
1797,현실로맨스
1797,재회
1797,로맨스
1798,로맨스
1799,판타지
1800,판타지
1801,직업드라마
1801,학원물
1801,스포츠성장
1801,드라마
1802,개그
1803,궁중로맨스
1803,이세계
1803,역하렘
1803,로판
1803,로맨스
1803,소설원작
1804,로맨스
1805,일상
1806,드라마
1807,최강자전
1807,2019 최강자전
1807,직진남
1807,이세계
1807,역하렘
1807,삼각관계
1807,로판
1807,두뇌싸움
1807,걸크러시
1807,구원서사
1807,로맨스
1808,드라마
1809,스릴러
1810,회귀
1810,소년왕도물
1810,무협/사극
1810,소설원작
1811,복수극
1811,느와르
1811,액션
1812,계략여주
1812,회귀
1812,로판
1812,로맨스
1812,소설원작
1813,아포칼립스
1813,sf
1813,먼치킨
1813,감염
1813,판타지
1814,스릴러
1815,아포칼립스
1815,판타지
1816,판타지
1817,오컬트
1817,좀비
1817,액션
1818,2021 지상최대공모전
1818,빙의
1818,로맨스
1819,아포칼립스
1819,판타지
1820,무협/사극
1821,일상
1822,감성드라마
1822,드라마
1823,일상
1824,일상
1825,일상
1826,드라마
1827,로맨스
1828,로맨스
1829,학원물
1829,소년왕도물
1829,액션
1830,역사물
1830,무협/사극
1831,드라마
1832,청춘로맨스
1832,로맨스
1833,인플루언서
1833,인외존재
1833,연예계
1833,로맨스
1834,판타지
1835,로맨스
1836,판타지
1837,최강자전
1837,2017 최강자전
1837,판타지
1838,아포칼립스
1838,인외존재
1838,성장드라마
1838,판타지
1839,로맨스
1840,퓨전사극
1840,로맨스
1840,소설원작
1841,스포츠성장
1841,성장드라마
1841,스포츠
1842,드라마
1843,스핀오프
1843,좀비
1843,감염
1843,드라마
1844,현실로맨스
1844,청춘로맨스
1844,연상연하
1844,삼각관계
1844,로맨스
1845,드라마
1846,스릴러
1847,무협/사극
1848,로맨스코미디
1848,현실로맨스
1848,로판
1848,로맨스
1849,회귀
1849,사내연애
1849,로맨스
1850,스릴러
1851,로맨스
1852,로맨스
1852,소설원작
1853,액션
1854,스릴러
1855,인플루언서
1855,로맨스
1856,드라마
1857,복수극
1857,느와르
1857,액션
1858,로맨스
1859,액션
1859,성인웹툰
1860,최강자전
1860,2013 최강자전
1860,개그
1861,판타지
1862,로맨스
1863,개그
1864,사이다
1864,병맛
1864,이세계
1864,먼치킨
1864,액션
1865,서스펜스
1865,두뇌싸움
1865,판타지
1866,액션
1867,액션
1867,성인웹툰
1868,스릴러
1869,스릴러
1870,로맨스
1871,최강자전
1871,2021 최강자전
1871,로맨스
1872,게임판타지
1872,회귀
1872,학원물
1872,액션
1873,서스펜스
1873,스릴러
1874,일상
1875,무협/사극
1876,로맨스
1877,스릴러
1878,드라마
1879,판타지
1880,힐링
1880,연상연하
1880,동물
1880,판타지
1881,판타지
1882,세계관
1882,동양풍판타지
1882,판타지
1883,개그
1884,로맨스
1885,판타지
1886,로맨스
1887,동양풍판타지
1887,현실로맨스
1887,동물
1887,로맨스
1888,드라마
1889,액션
1890,차원이동
1890,판타지
1891,판타지
1892,로맨스
1892,소설원작
1893,스릴러
1894,드라마
1895,성별반전
1895,퓨전사극
1895,로맨스
1895,소설원작
1896,힐링
1896,드라마
1897,까칠남
1897,로맨스
1898,감성
1899,퓨전사극
1899,로맨스
1899,소설원작
1900,2020 지상최대공모전
1900,직업드라마
1900,드라마
1901,로맨스
1902,드라마
1903,세계관
1903,동양풍판타지
1903,회귀
1903,힘숨찐
1903,이세계
1903,먼치킨
1903,무협/사극
1903,소설원작
1904,드라마
1905,사이다
1905,힘숨찐
1905,복수극
1905,판타지
1906,드라마
1907,드라마
1908,궁중로맨스
1908,퓨전사극
1908,로맨스
1909,드라마
1910,판타지
1911,동물
1911,감성
1912,판타지
1913,로맨스
1914,퓨전사극
1914,로맨스
1914,소설원작
1915,판타지
1916,로맨스
1917,2021 지상최대공모전
1917,이세계
1917,먼치킨
1917,판타지
1918,로맨스
1918,소설원작
1919,직진남
1919,로판
1919,로맨스
1919,소설원작
1920,로맨스
1921,사이다
1921,회귀
1921,헌터물
1921,먼치킨
1921,판타지
1921,소설원작
1922,드라마
1923,동양풍판타지
1923,로맨스
1923,소설원작
1924,로맨스
1924,소설원작
1925,스릴러
1926,개그
1927,스릴러
1927,성인웹툰
1928,2019 지상최대공모전
1928,로맨스
1929,스릴러
1930,스릴러
1931,로맨스
1931,소설원작
1932,역사물
1932,무협/사극
1933,육아물
1933,빙의
1933,로판
1933,로맨스
1933,소설원작
1934,최강자전
1934,2021 최강자전
1934,하이틴
1934,판타지
1935,스릴러
1935,성인웹툰
1936,판타지
1937,혐관로맨스
1937,동양풍판타지
1937,이세계
1937,인외존재
1937,삼각관계
1937,구원서사
1937,로맨스
1937,소설원작
1938,히어로
1938,액션
1939,히어로
1939,판타지
1940,판타지
1941,일상
1942,로맨스코미디
1942,직업드라마
1942,인플루언서
1942,로맨스
1943,직업드라마
1943,사이다
1943,의학드라마
1943,드라마
1943,소설원작
1944,로맨스
1945,아이돌연애
1945,로맨스코미디
1945,현실로맨스
1945,연예계
1945,삼각관계
1945,로맨스
1946,sf
1946,판타지
1947,드라마
1948,드라마&영화 원작웹툰
1948,밀리터리
1948,드라마
1949,뱀파이어
1949,판타지
1950,스릴러
1950,성인웹툰
1951,스릴러
1951,성인웹툰
1952,최강자전
1952,2016 최강자전
1952,판타지
1953,로맨스
1954,판타지
1955,학원로맨스
1955,로맨스
1956,로맨스
1957,드라마
1958,스릴러
1959,야구
1959,스포츠
1960,드라마
1961,드라마
1962,느와르
1962,액션
1963,액션
1964,액션
1965,2020 지상최대공모전
1965,동양풍판타지
1965,로맨스
1966,스릴러
1967,스릴러
1968,스릴러
1969,스릴러
1970,최강자전
1970,판타지
1971,감성드라마
1971,일상
1972,스릴러
1973,감염
1973,액션
1974,개그
1975,판타지
1976,오피스로맨스
1976,사내연애
1976,로맨스
1976,소설원작
1977,로맨스
1978,스릴러
1979,드라마
1980,서바이벌
1980,액션
1981,드라마
1982,일상
1983,로판
1983,로맨스
1983,소설원작
1984,로맨스
1985,스릴러
1986,2019 지상최대공모전
1986,드라마
1987,차원이동
1987,개그
1988,스릴러
1989,드라마
1990,고자극로맨스
1990,2030연애
1990,직진남
1990,연상연하
1990,로맨스
1990,성인웹툰
1991,감성
1992,직업드라마
1992,드라마
1993,서스펜스
1993,스릴러
1994,2020 지상최대공모전
1994,스릴러
1995,드라마
1996,스릴러
1997,드라마
1998,판타지
1999,드라마
2000,스릴러
2001,일상
2002,드라마
2003,드라마
2004,로맨스
2005,스릴러
2006,판타지
2007,드라마
2008,스릴러
2009,일상
2010,드라마
2011,스릴러
2012,일상
2013,드라마
2014,스릴러
2015,스릴러
2016,드라마
2017,개그
2018,일상
2019,스릴러
2020,드라마
2021,로맨스
2022,로맨스코미디
2022,현실로맨스
2022,학원로맨스
2022,하이퍼리얼리즘
2022,청춘로맨스
2022,캠퍼스로맨스
2022,오피스로맨스
2022,로맨스
2023,개그
2024,스릴러
2025,개그
2026,로맨스
2027,판타지
2028,드라마
2029,스릴러
2030,로맨스
2031,스릴러
2032,헌터물
2032,판타지
2032,소설원작
2033,판타지
2034,드라마
2035,드라마
2035,성인웹툰
2036,로맨스
2037,드라마
2038,회귀
2038,먼치킨
2038,판타지
2038,소설원작
2039,소꿉친구
2039,감성
2040,판타지
2041,스포츠성장
2041,드라마
2042,로맨스
2043,사이다
2043,게임판타지
2043,판타지
2044,최강자전
2044,2018 최강자전
2044,드라마
=======
﻿no,keyword
1,로맨스
2,소년왕도물
2,판타지
3,최강자전
3,2018 최강자전
3,드라마
4,최강자전
4,2017 최강자전
4,농구
4,스포츠성장
4,스포츠
5,최강자전
5,2019 최강자전
5,게임판타지
5,판타지
6,개그
7,드라마&영화 원작웹툰
7,일상
8,2020 지상최대공모전
8,계약연애
8,연예계
8,삼각관계
8,로맨스
9,드라마
10,소꿉친구
10,2021 지상최대공모전
10,계약연애
10,학원로맨스
10,친구>연인
10,로맨스
11,사이비종교
11,스릴러
12,캠퍼스로맨스
12,로맨스
13,학원로맨스
13,로맨스
14,로맨스
15,학원물
15,액션
16,로맨스
16,소설원작
17,스릴러
18,오피스로맨스
18,사내연애
18,로맨스
18,소설원작
19,스릴러
19,성인웹툰
20,병맛
20,음식요리
20,개그
21,2019 지상최대공모전
21,스릴러
22,개그
23,이능력배틀물
23,먼치킨
23,판타지
24,개그
25,드라마
26,타임슬립
26,드라마
27,판타지
28,판타지
29,2019 지상최대공모전
29,판타지
30,액션
31,로맨스
32,스릴러
33,2020 지상최대공모전
33,하이틴
33,학원로맨스
33,로맨스
34,로맨스
35,동물
35,감성드라마
35,드라마
36,2019 지상최대공모전
36,스릴러
37,드라마
38,병맛
38,동물
38,판타지
39,힐링
39,성장드라마
39,동물
39,드라마
40,스릴러
41,프리퀄
41,아포칼립스
41,느와르
41,판타지
42,액션
43,일상
44,로맨스
45,병맛
45,개그
46,2020 지상최대공모전
46,서스펜스
46,머니게임
46,스릴러
47,비밀연애
47,전남친
47,로맨스
48,스릴러
49,드라마
50,학원로맨스
50,하이틴
50,성장드라마
50,삼각관계
50,로맨스
51,액션
52,판타지
52,소설원작
53,액션
54,판타지
55,최강자전
55,2018 최강자전
55,서스펜스
55,드라마
56,로맨스
56,소설원작
57,감성
58,판타지
59,환골탈태
59,격투기
59,스포츠
60,격투기
60,액션
61,드라마
62,로맨스
63,일상
64,로맨스
65,이능력배틀물
65,드라마
66,로맨스코미디
66,청춘로맨스
66,캠퍼스로맨스
66,로맨스
67,2020 지상최대공모전
67,학원로맨스
67,성장드라마
67,삼각관계
67,로맨스
68,일상
69,2019 지상최대공모전
69,사이다
69,액션
70,서바이벌
70,2021 지상최대공모전
70,스릴러
71,개그
72,병맛
72,개그
73,드라마&영화 원작웹툰
73,드라마
74,일상
75,일상
76,판타지
77,드라마
78,드라마
79,드라마
80,드라마
81,병맛
81,개그
82,성장드라마
82,로맨스
83,하이틴
83,청춘로맨스
83,로맨스
84,액션
85,드라마
86,복수극
86,먼치킨
86,판타지
87,일상
88,로맨스
88,소설원작
89,드라마
90,스릴러
90,성인웹툰
91,판타지
92,일상
93,직진남
93,인외존재
93,이세계
93,구원서사
93,로맨스
93,소설원작
94,개그
95,개그
96,로맨스
97,드라마
98,스릴러
99,이능력배틀물
99,먼치킨
99,판타지
100,드라마
101,스릴러
102,스릴러
103,스릴러
104,액션
105,인플루언서
105,머니게임
105,개그
106,캠퍼스로맨스
106,로맨스
107,세계관
107,사이다
107,회귀
107,판무
107,무협/사극
107,소설원작
108,사이다
108,복수극
108,먼치킨
108,느와르
108,액션
109,회귀
109,퓨전사극
109,로맨스
109,소설원작
110,힐링
110,육아물
110,판타지
111,판타지
112,액션
113,드라마
114,2020 지상최대공모전
114,드라마
115,로맨스
116,전남친
116,재회
116,오피스로맨스
116,역하렘
116,삼각관계
116,사내연애
116,까칠남
116,로맨스
116,소설원작
117,액션
118,스릴러
119,드라마
120,드라마
121,삼각관계
121,로맨스
122,연예계
122,로맨스
122,소설원작
123,일상
124,판타지
125,판타지
126,고자극로맨스
126,뱀파이어
126,드라마
127,서스펜스
127,드라마
128,2021 지상최대공모전
128,학원로맨스
128,로맨스
129,개그
130,학원물
130,성장드라마
130,드라마
131,학원물
131,성장드라마
131,드라마
132,직업드라마
132,드라마
132,소설원작
133,로맨스
134,밀리터리
134,개그
135,격투기
135,스포츠
136,힐링
136,드라마
137,감성
138,판타지
139,계략여주
139,2030연애
139,계약연애
139,직진남
139,삼각관계
139,로맨스
140,판타지
141,스릴러
142,인외존재
142,삼각관계
142,로맨스
143,오컬트
143,드라마
144,스릴러
145,판타지
146,액션
147,인외존재
147,로판
147,로맨스
148,드라마
149,스릴러
150,판타지
150,소설원작
151,2020 지상최대공모전
151,힐링
151,음식요리
151,동물
151,드라마
152,빙의
152,판타지
152,소설원작
153,2030연애
153,계약연애
153,현실로맨스
153,오피스로맨스
153,사내연애
153,로맨스
153,소설원작
154,빙의
154,로맨스
154,소설원작
155,판타지
156,로맨스
157,프리퀄
157,학원로맨스
157,하이틴
157,청춘로맨스
157,재회
157,로맨스
158,혐관로맨스
158,회귀
158,구원서사
158,로맨스
158,소설원작
159,서스펜스
159,구원서사
159,드라마
160,스릴러
161,판타지
162,액션
163,드라마
164,로맨스
165,드라마&영화 원작웹툰
165,드라마
166,2021 지상최대공모전
166,스릴러
167,레트로
167,공감성수치
167,로맨스
168,최강자전
168,2016 최강자전
168,로맨스
169,삼각관계
169,로맨스
170,드라마&영화 원작웹툰
170,연예계
170,로맨스
170,소설원작
171,액션
172,드라마
173,로맨스코미디
173,캠퍼스로맨스
173,인플루언서
173,걸크러시
173,로맨스
174,격투기
174,스포츠
175,감성
176,동양풍판타지
176,로맨스
176,소설원작
177,스릴러
178,최강자전
178,2020 최강자전
178,판타지
179,아포칼립스
179,스릴러
180,느와르
180,액션
181,드라마
182,스릴러
183,퓨전사극
183,삼각관계
183,로맨스
183,소설원작
184,2020 지상최대공모전
184,게임판타지
184,판타지
185,학원물
185,액션
186,아포칼립스
186,sf
186,감염
186,판타지
187,괴담
187,스릴러
188,판타지
189,스릴러
190,판타지
191,액션
192,2021 지상최대공모전
192,현실로맨스
192,재회
192,연상연하
192,로맨스
193,타임슬립
193,스릴러
194,드라마
195,감성드라마
195,드라마
196,판타지
197,판타지
198,감성
199,판타지
200,사이다
200,먼치킨
200,다크히어로
200,느와르
200,액션
201,액션
202,드라마
203,개그
204,로맨스
205,스릴러
205,성인웹툰
206,로맨스
207,서바이벌
207,2020 지상최대공모전
207,서스펜스
207,두뇌싸움
207,스릴러
208,최강자전
208,2018 최강자전
208,로맨스
209,하이퍼리얼리즘
209,드라마
210,학원로맨스
210,삼각관계
210,로맨스
211,로맨스
212,개그
213,게임판타지
213,먼치킨
213,판타지
213,소설원작
214,로맨스
214,소설원작
215,드라마
216,로맨스
217,로맨스
218,드라마
219,아포칼립스
219,sf
219,스릴러
220,스릴러
220,소설원작
220,성인웹툰
221,아포칼립스
221,이능력배틀물
221,먼치킨
221,판타지
221,소설원작
222,사이다
222,게임판타지
222,헌터물
222,먼치킨
222,판타지
222,소설원작
223,스릴러
224,먼치킨
224,판타지
225,사이다
225,게임판타지
225,이능력배틀물
225,무협/사극
225,소설원작
226,일상
227,개그
228,스릴러
229,일상
230,서스펜스
230,스릴러
231,로맨스
231,소설원작
232,드라마
233,드라마
234,로맨스
235,로맨스
235,소설원작
236,드라마
237,드라마
238,연예계
238,로맨스
238,소설원작
239,2021 지상최대공모전
239,판타지
240,2019 지상최대공모전
240,서스펜스
240,드라마
241,액션
242,학원물
242,액션
243,로맨스
244,개그
245,오피스로맨스
245,로맨스
245,소설원작
246,로맨스
247,인외존재
247,로맨스
248,힐링
248,현실로맨스
248,청춘로맨스
248,연예계
248,로맨스
249,짝사랑
249,최강자전
249,2017 최강자전
249,로맨스
250,감성
251,직진남
251,드라마
252,판타지
252,소설원작
253,sf
253,다크판타지
253,판타지
254,캠퍼스로맨스
254,연상연하
254,로맨스
255,환골탈태
255,소년왕도물
255,판타지
255,소설원작
256,판타지
256,소설원작
257,먼치킨
257,무협/사극
257,소설원작
258,개그
259,판타지
260,로맨스
260,소설원작
261,성장드라마
261,로판
261,판타지
262,일상
263,일상
264,일상
265,드라마
265,성인웹툰
266,레트로
266,드라마
267,로맨스
268,로맨스
268,소설원작
269,로맨스
270,선결혼후연애
270,빙의
270,로판
270,까칠남
270,로맨스
270,소설원작
271,서스펜스
271,드라마
272,회귀
272,선결혼후연애
272,로맨스
272,소설원작
273,고자극로맨스
273,서스펜스
273,로판
273,감성드라마
273,로맨스
273,성인웹툰
274,혐관로맨스
274,계약연애
274,구원서사
274,로맨스
275,로맨스
276,고자극로맨스
276,회귀
276,선결혼후연애
276,사내연애
276,로맨스
276,소설원작
277,로맨스
278,액션
279,일상
280,로맨스
281,로맨스
282,청춘로맨스
282,재회
282,로맨스
283,회귀
283,헌터물
283,이능력배틀물
283,소년왕도물
283,먼치킨
283,판타지
283,소설원작
284,2019 지상최대공모전
284,역하렘
284,연예계
284,로맨스
285,로맨스코미디
285,현실로맨스
285,선결혼후연애
285,로맨스
285,소설원작
286,로맨스
287,드라마&영화 원작웹툰
287,직업드라마
287,하이퍼리얼리즘
287,의학드라마
287,드라마
288,환골탈태
288,로맨스코미디
288,2021 지상최대공모전
288,로맨스
289,드라마&영화 원작웹툰
289,사이다
289,감성드라마
289,드라마
290,개그
291,개그
292,드라마&영화 원작웹툰
292,드라마
293,동물
293,로맨스
294,개그
295,소꿉친구
295,로맨스코미디
295,힐링
295,혐관로맨스
295,학원로맨스
295,하이틴
295,친구>연인
295,연상연하
295,성장드라마
295,로맨스
296,액션
297,로맨스
298,드라마
299,드라마
300,로맨스
301,드라마
302,하이틴
302,로맨스
303,학원로맨스
303,로맨스
304,비밀연애
304,짝사랑
304,2030연애
304,로맨스코미디
304,현실로맨스
304,직진남
304,연상연하
304,연예계
304,로맨스
305,학원로맨스
305,서스펜스
305,빙의
305,로맨스
306,감성드라마
306,드라마
307,혐관로맨스
307,로판
307,구원서사
307,로맨스
307,소설원작
308,판타지
309,sf
309,스릴러
310,개그
311,동물
311,일상
312,스릴러
313,청춘로맨스
313,성장드라마
313,로맨스
314,다크판타지
314,액션
315,서스펜스
315,스릴러
316,먼치킨
316,판타지
317,스릴러
318,드라마&영화 원작웹툰
318,로맨스
319,개그
320,드라마&영화 원작웹툰
320,개그
321,드라마&영화 원작웹툰
321,개그
322,드라마&영화 원작웹툰
322,개그
323,드라마
324,병맛
324,학원물
324,괴담
324,스릴러
325,드라마
326,드라마
327,최강자전
327,2017 최강자전
327,판타지
328,동양풍판타지
328,판무
328,무협/사극
329,드라마
330,스릴러
331,드라마
332,로맨스
333,드라마
334,퓨전사극
334,로맨스
334,소설원작
335,힐링
335,감성
336,성별반전
336,로맨스
337,드라마
338,판타지
339,감성
340,드라마&영화 원작웹툰
340,의학드라마
340,드라마
341,드라마&영화 원작웹툰
341,의학드라마
341,드라마
342,스릴러
342,성인웹툰
343,일상
344,드라마
345,드라마
346,드라마
347,드라마
348,로맨스
349,최강자전
349,2020 최강자전
349,오컬트
349,판타지
350,로맨스
351,개그
352,드라마
353,2020 지상최대공모전
353,혐관로맨스
353,퓨전사극
353,로맨스
354,궁중로맨스
354,2020 지상최대공모전
354,퓨전사극
354,성장드라마
354,로맨스
355,계약연애
355,로맨스
355,소설원작
356,공감성수치
356,일상
357,드라마
358,2019 지상최대공모전
358,병맛
358,개그
359,드라마
360,스릴러
361,로맨스
362,복수극
362,드라마
363,로맨스
363,소설원작
364,드라마
365,계약연애
365,이세계
365,로맨스
366,드라마
367,드라마
368,스릴러
369,로맨스코미디
369,캠퍼스로맨스
369,삼각관계
369,로맨스
370,로맨스
371,하이퍼리얼리즘
371,일상
372,개그
373,게임판타지
373,먼치킨
373,판타지
374,스릴러
375,격투기
375,힐링
375,직업드라마
375,스포츠성장
375,먼치킨
375,스포츠
376,걸크러시
376,액션
377,스릴러
378,게임판타지
378,스포츠성장
378,액션
379,복수극
379,먼치킨
379,판타지
379,소설원작
380,아포칼립스
380,스릴러
381,좀비
381,액션
382,아포칼립스
382,판타지
383,스릴러
384,판타지
385,액션
386,스릴러
387,드라마
388,드라마
389,스릴러
390,판타지
391,sf
391,판타지
392,판타지
393,판타지
394,동양풍판타지
394,인외존재
394,성장드라마
394,걸크러시
394,드라마
395,판타지
396,로맨스
397,판타지
398,드라마
399,판타지
400,드라마
401,드라마
402,스릴러
403,드라마
404,일상
405,로맨스
405,소설원작
406,드라마
406,성인웹툰
407,연예계
407,드라마
408,액션
409,로맨스
409,소설원작
410,일상
411,액션
412,법정드라마
412,드라마&영화 원작웹툰
412,드라마
413,법정드라마
413,드라마&영화 원작웹툰
413,드라마
414,소꿉친구
414,청춘로맨스
414,연상연하
414,역하렘
414,삼각관계
414,로맨스
415,판타지
416,액션
417,로맨스코미디
417,캠퍼스로맨스
417,친구>연인
417,연상연하
417,로맨스
418,일상
419,스릴러
420,직업드라마
420,회귀
420,연예계
420,판타지
420,소설원작
421,로맨스
421,소설원작
422,로맨스
423,로맨스
423,소설원작
424,로맨스
425,로맨스
426,드라마
427,2019 지상최대공모전
427,스릴러
428,최강자전
428,2013 최강자전
428,판타지
429,판타지
430,2021 지상최대공모전
430,혐관로맨스
430,인외존재
430,로맨스
431,감성
432,액션
433,최강자전
433,2017 최강자전
433,학원물
433,성장드라마
433,액션
434,드라마
435,판타지
435,소설원작
436,스릴러
437,스릴러
437,소설원작
438,드라마
439,로맨스
440,드라마
440,소설원작
441,전남친
441,선결혼후연애
441,로맨스
441,소설원작
442,로맨스
443,2020 지상최대공모전
443,서스펜스
443,스릴러
444,액션
445,로맨스
446,학원로맨스
446,로맨스
446,소설원작
447,판타지
448,액션
449,드라마
450,판타지
451,격투기
451,드라마
452,야구
452,스포츠성장
452,스포츠
453,아이돌연애
453,2019 지상최대공모전
453,연예계
453,연상연하
453,로맨스
454,이능력배틀물
454,판타지
455,판타지
456,감성드라마
456,드라마
457,학원물
457,드라마
458,액션
459,스릴러
460,판타지
461,판타지
462,로맨스
463,드라마
463,성인웹툰
464,먼치킨
464,판타지
465,먼치킨
465,판타지
466,로맨스
467,판타지
468,회귀
468,로맨스
468,소설원작
469,판타지
470,스릴러
471,드라마
472,육아물
472,로판
472,로맨스
473,로맨스
474,로맨스
475,최강자전
475,2017 최강자전
475,판타지
476,판타지
477,인외존재
477,구원서사
477,로맨스
478,고자극로맨스
478,궁중로맨스
478,로맨스
478,소설원작
479,빙의
479,로맨스
480,성장드라마
480,동물
480,판타지
481,드라마
482,일상
483,로맨스
484,판타지
485,힐링
485,로맨스
486,로맨스
486,소설원작
487,판타지
487,성인웹툰
488,판타지
489,게임판타지
489,판타지
490,개그
491,스릴러
492,스포츠
493,아포칼립스
493,게임판타지
493,회귀
493,소년왕도물
493,먼치킨
493,판타지
493,소설원작
494,아포칼립스
494,드라마
495,로맨스
496,판타지
497,판타지
498,스릴러
499,최강자전
499,2013 최강자전
499,드라마
500,연상연하
500,걸크러시
500,로맨스
500,소설원작
501,드라마
502,스릴러
503,판타지
504,판타지
505,병맛
505,동물
505,개그
506,먼치킨
506,무협/사극
507,이세계
507,구원서사
507,로맨스
507,소설원작
508,판타지
509,판타지
509,소설원작
510,차원이동
510,판무
510,판타지
511,먼치킨
511,판타지
512,로맨스
512,소설원작
513,동양풍판타지
513,현실로맨스
513,퓨전사극
513,로맨스
513,소설원작
514,판타지
515,드라마
516,서스펜스
516,스릴러
516,성인웹툰
517,스릴러
518,힘숨찐
518,판타지
519,2021 지상최대공모전
519,인외존재
519,성장드라마
519,판타지
520,먼치킨
520,판타지
521,감성
522,드라마&영화 원작웹툰
522,병맛
522,개그
523,최강자전
523,2015 최강자전
523,판타지
524,드라마
525,삼각관계
525,로맨스
526,로맨스코미디
526,로판
526,개그
527,개그
528,아포칼립스
528,게임판타지
528,먼치킨
528,판타지
529,게임판타지
529,먼치킨
529,판타지
530,개그
531,병맛
531,인외존재
531,소년왕도물
531,먼치킨
531,동물
531,개그
532,공감성수치
532,로맨스
533,일상
534,2020 지상최대공모전
534,병맛
534,밀리터리
534,회귀
534,판타지
535,2020 지상최대공모전
535,병맛
535,힘숨찐
535,학원물
535,스포츠성장
535,액션
536,드라마
537,감성드라마
537,드라마
538,개그
539,오컬트
539,회귀
539,무협/사극
539,소설원작
540,판타지
541,판타지
542,힐링
542,의학드라마
542,드라마
543,드라마
543,성인웹툰
544,스릴러
545,최강자전
545,2018 최강자전
545,드라마
546,음식요리
546,일상
547,스릴러
548,오컬트
548,판타지
549,감성
550,드라마
551,스릴러
552,계략여주
552,스릴러
553,드라마
554,판타지
555,드라마&영화 원작웹툰
555,스릴러
556,로맨스
556,소설원작
557,차원이동
557,아포칼립스
557,판타지
557,소설원작
558,판타지
559,게임판타지
559,판타지
559,소설원작
560,2021 지상최대공모전
560,아포칼립스
560,이능력배틀물
560,판타지
561,판타지
562,드라마
563,개그
564,개그
565,로맨스
565,소설원작
566,일상
567,드라마
568,퓨전사극
568,로맨스
569,힐링
569,드라마
569,소설원작
570,로맨스
571,병맛
571,개그
572,드라마
573,드라마
574,스릴러
575,감성
576,직업드라마
576,드라마
577,액션
578,성별반전
578,직진남
578,삼각관계
578,빙의
578,로판
578,걸크러시
578,구원서사
578,로맨스
578,소설원작
579,로맨스
580,스릴러
580,성인웹툰
581,역사물
581,무협/사극
582,판타지
582,소설원작
583,성별반전
583,궁중로맨스
583,동양풍판타지
583,걸크러시
583,드라마
584,액션
585,액션
586,세계관
586,힘숨찐
586,판무
586,무협/사극
586,소설원작
587,개그
588,판무
588,무협/사극
589,레트로
589,괴담
589,스릴러
590,소꿉친구
590,학원로맨스
590,하이틴
590,친구>연인
590,청춘로맨스
590,성장드라마
590,드라마
591,드라마
592,최강자전
592,2018 최강자전
592,학원로맨스
592,로맨스
593,드라마
594,아포칼립스
594,인플루언서
594,스릴러
595,무협/사극
596,개그
597,의학드라마
597,무협/사극
598,판타지
599,로맨스코미디
599,로판
599,로맨스
599,소설원작
600,드라마
601,동물
601,판타지
602,드라마
603,계약연애
603,직진남
603,인외존재
603,연예계
603,삼각관계
603,뱀파이어
603,로맨스
604,최강자전
604,2020 최강자전
604,아포칼립스
604,드라마
605,2030연애
605,하이퍼리얼리즘
605,전남친
605,청춘로맨스
605,재회
605,연예계
605,삼각관계
605,드라마
606,드라마
607,액션
607,성인웹툰
608,드라마
609,스포츠
610,판타지
611,최강자전
611,2014 최강자전
611,판타지
612,로맨스
613,스릴러
614,오컬트
614,스릴러
615,스릴러
616,드라마
617,개그
618,개그
619,스릴러
620,스릴러
621,감성
622,최강자전
622,2016 최강자전
622,스릴러
623,사이비종교
623,스릴러
624,일상
625,사내연애
625,로맨스
625,소설원작
626,로맨스
627,로맨스
627,소설원작
628,동양풍판타지
628,판타지
629,2030연애
629,현실로맨스
629,하이퍼리얼리즘
629,오피스로맨스
629,로맨스
630,직업드라마
630,밀리터리
630,스릴러
631,프리퀄
631,밀리터리
631,하이퍼리얼리즘
631,서스펜스
631,스릴러
632,로맨스
632,소설원작
633,스릴러
633,소설원작
634,드라마
635,퓨전사극
635,로맨스
635,소설원작
636,판타지
636,소설원작
637,로맨스
638,다크판타지
638,판타지
639,2020 지상최대공모전
639,드라마
640,최강자전
640,2013 최강자전
640,판타지
641,캠퍼스로맨스
641,역하렘
641,삼각관계
641,로맨스
642,드라마
643,드라마
644,아포칼립스
644,스릴러
645,드라마
646,아포칼립스
646,감염
646,스릴러
647,오컬트
647,인외존재
647,로맨스
648,회귀
648,선결혼후연애
648,로맨스
648,소설원작
649,로맨스
650,판타지
651,판타지
652,판타지
653,스릴러
654,2020 지상최대공모전
654,판타지
655,2019 지상최대공모전
655,로맨스
656,음식요리
656,감성
657,개그
658,로맨스
659,아포칼립스
659,드라마
659,성인웹툰
660,힐링
660,학원로맨스
660,청춘로맨스
660,음식요리
660,감성드라마
660,로맨스
661,동양풍판타지
661,인외존재
661,성장드라마
661,드라마
662,차원이동
662,판타지
663,드라마
664,드라마
665,액션
666,스릴러
667,음식요리
667,드라마
668,히어로
668,일상
669,격투기
669,판타지
670,개그
671,판타지
672,로맨스
672,소설원작
673,음식요리
673,감성드라마
673,드라마
674,판타지
675,동양풍판타지
675,복수극
675,로맨스
676,스릴러
677,판타지
678,로맨스
678,소설원작
679,판타지
680,판타지
681,2021 지상최대공모전
681,게임판타지
681,먼치킨
681,판타지
682,판타지
683,로맨스
683,소설원작
684,고자극로맨스
684,궁중로맨스
684,까칠남
684,로맨스
684,소설원작
684,성인웹툰
685,드라마
686,판타지
687,개그
688,판타지
689,야구
689,스포츠
690,퓨전사극
690,동물
690,일상
691,로맨스
691,소설원작
692,학원물
692,서스펜스
692,복수극
692,드라마
692,성인웹툰
693,서스펜스
693,스릴러
694,스릴러
694,성인웹툰
695,로맨스
696,로맨스
697,두뇌싸움
697,스릴러
698,게임판타지
698,판무
698,판타지
698,소설원작
699,힐링
699,청춘로맨스
699,인플루언서
699,성장드라마
699,로맨스
700,최강자전
700,2019 최강자전
700,친구>연인
700,연상연하
700,연예계
700,삼각관계
700,로맨스
701,히어로
701,연예계
701,판타지
702,판타지
703,하이틴
703,청춘로맨스
703,레트로
703,드라마
704,2019 지상최대공모전
704,드라마
705,밀리터리
705,드라마
706,드라마
707,인플루언서
707,서스펜스
707,드라마
708,액션
709,힐링
709,드라마
710,오컬트
710,인외존재
710,이능력배틀물
710,성장드라마
710,다크판타지
710,판타지
711,오컬트
711,액션
712,액션
713,로맨스
713,소설원작
714,감성
715,로맨스
716,서스펜스
716,스릴러
717,로맨스
717,소설원작
718,사이다
718,병맛
718,학원물
718,성장드라마
718,드라마
719,드라마
720,판타지
721,드라마
722,역사물
722,무협/사극
723,괴담
723,스릴러
724,개그
725,일상
726,인플루언서
726,서스펜스
726,드라마
727,일상
728,액션
729,감성
730,로판
730,로맨스
730,소설원작
731,개그
732,판타지
732,소설원작
733,로맨스
734,액션
735,판타지
736,최강자전
736,2017 최강자전
736,스포츠성장
736,스포츠
737,드라마
738,드라마
739,2020 지상최대공모전
739,스릴러
740,로맨스
741,로맨스
742,2021 지상최대공모전
742,서스펜스
742,스릴러
743,아포칼립스
743,스릴러
744,스릴러
745,비밀연애
745,현실로맨스
745,직진남
745,오피스로맨스
745,사내연애
745,로맨스
746,판타지
747,사이다
747,동양풍판타지
747,복수극
747,먼치킨
747,액션
748,직업드라마
748,밀리터리
748,드라마
749,드라마
750,액션
751,환골탈태
751,세계관
751,사이다
751,소년왕도물
751,느와르
751,액션
752,히어로
752,액션
753,드라마
754,판타지
755,스릴러
756,아포칼립스
756,병맛
756,머니게임
756,개그
757,2021 지상최대공모전
757,판타지
758,두뇌싸움
758,느와르
758,액션
759,액션
760,판타지
761,드라마
762,드라마
763,2021 지상최대공모전
763,서스펜스
763,복수극
763,두뇌싸움
763,스릴러
764,일상
765,고자극로맨스
765,2030연애
765,직진남
765,오피스로맨스
765,로맨스
765,소설원작
766,드라마
767,판타지
768,2020 지상최대공모전
768,아포칼립스
768,좀비
768,감염
768,드라마
769,고자극로맨스
769,로맨스
769,성인웹툰
770,직업드라마
770,사이다
770,다크히어로
770,느와르
770,액션
771,드라마
772,무협/사극
773,농구
773,스포츠성장
773,스포츠
774,2019 지상최대공모전
774,축구
774,소년왕도물
774,스포츠성장
774,스포츠
775,복수극
775,판타지
776,스릴러
777,판타지
778,재회
778,로맨스
779,학원로맨스
779,뱀파이어
779,로맨스
780,스릴러
781,로맨스
782,이능력배틀물
782,스릴러
783,드라마
784,스릴러
785,로판
785,판타지
785,소설원작
786,드라마
787,드라마&영화 원작웹툰
787,느와르
787,액션
787,성인웹툰
788,드라마
789,판타지
790,로맨스
791,이세계
791,판타지
792,아포칼립스
792,좀비
792,감염
792,스릴러
793,로맨스
794,회귀
794,로맨스
795,드라마
796,로맨스
796,소설원작
797,드라마
798,드라마
799,하이틴
799,학원로맨스
799,친구>연인
799,걸크러시
799,로맨스
800,로맨스
801,연예계
801,로맨스
802,무협/사극
803,먼치킨
803,무협/사극
803,소설원작
804,드라마
805,드라마
806,일상
807,무협/사극
807,소설원작
808,이능력배틀물
808,소년왕도물
808,먼치킨
808,액션
809,개그
810,로맨스
810,소설원작
811,판타지
812,드라마
813,판타지
814,판타지
815,드라마
816,드라마
817,개그
818,퓨전사극
818,로맨스
818,소설원작
819,로맨스
820,이세계
820,음식요리
820,판타지
820,소설원작
821,사이다
821,스릴러
822,로맨스
823,드라마
824,스릴러
824,성인웹툰
825,로맨스
825,소설원작
826,격투기
826,액션
827,서바이벌
827,아포칼립스
827,학원로맨스
827,빙의
827,구원서사
827,판타지
828,스릴러
829,스릴러
830,스핀오프
830,스릴러
831,무협/사극
832,로맨스
833,개그
834,무협/사극
835,액션
836,감성드라마
836,드라마
837,드라마
838,직업드라마
838,머니게임
838,드라마
838,소설원작
839,액션
840,드라마
841,학원물
841,판타지
842,액션
842,성인웹툰
843,드라마
844,연상연하
844,로맨스
844,소설원작
845,스릴러
846,판타지
847,드라마
848,드라마
849,2021 지상최대공모전
849,오컬트
849,로맨스
850,서바이벌
850,아포칼립스
850,인플루언서
850,액션
851,일상
852,성장드라마
852,로맨스
853,액션
854,최강자전
854,2013 최강자전
854,판타지
855,판타지
856,삼각관계
856,로맨스
857,성장드라마
857,먼치킨
857,판타지
858,헌터물
858,먼치킨
858,판타지
858,소설원작
859,로맨스
859,소설원작
860,로맨스
861,로맨스
862,2030연애
862,삼각관계
862,복수극
862,걸크러시
862,로맨스
863,드라마&영화 원작웹툰
863,연상연하
863,로맨스
863,소설원작
864,로맨스
865,로맨스
866,소꿉친구
866,2021 최강자전
866,학원로맨스
866,하이틴
866,성장드라마
866,로맨스
867,드라마
868,병맛
868,개그
869,감성드라마
869,드라마
870,드라마
871,로맨스
871,소설원작
872,직업드라마
872,연예계
872,드라마
872,소설원작
873,드라마
874,드라마
875,소꿉친구
875,학원로맨스
875,하이틴
875,친구>연인
875,성장드라마
875,레트로
875,까칠남
875,로맨스
876,판타지
877,로맨스
878,고자극로맨스
878,혐관로맨스
878,선결혼후연애
878,로맨스
879,타임슬립
879,로맨스
880,로맨스
881,머니게임
881,드라마
882,로맨스
883,드라마
884,스릴러
885,힐링
885,육아물
885,이세계
885,드라마
885,소설원작
886,스릴러
886,성인웹툰
887,드라마
888,감성
889,스릴러
890,드라마
891,액션
892,학원로맨스
892,하이틴
892,직진남
892,삼각관계
892,까칠남
892,감성드라마
892,드라마
893,2019 지상최대공모전
893,공감성수치
893,드라마
894,로맨스
895,게임판타지
895,성장드라마
895,판타지
896,로맨스
897,개그
898,판타지
898,소설원작
899,하이퍼리얼리즘
899,레트로
899,드라마
900,판타지
901,오컬트
901,괴담
901,스릴러
902,2021 지상최대공모전
902,드라마
903,드라마
904,로맨스
905,판타지
906,드라마
906,성인웹툰
907,일상
908,로맨스
909,로맨스
909,소설원작
910,로맨스
911,연상연하
911,성장드라마
911,감성드라마
911,드라마
912,로맨스
913,2019 지상최대공모전
913,스릴러
914,드라마
915,소꿉친구
915,음식요리
915,로맨스
916,드라마&영화 원작웹툰
916,드라마
917,드라마&영화 원작웹툰
917,드라마
918,병맛
918,학원물
918,액션
919,개그
920,스릴러
921,로맨스
922,스릴러
923,로맨스
924,스포츠성장
924,일상
925,판타지
926,드라마
927,로맨스
928,로맨스
929,하이퍼리얼리즘
929,인플루언서
929,머니게임
929,드라마
930,현실로맨스
930,오피스로맨스
930,연상연하
930,사내연애
930,로맨스
930,소설원작
931,로맨스코미디
931,연예계
931,삼각관계
931,로맨스
932,로맨스코미디
932,로맨스
933,액션
934,회귀
934,로맨스
934,소설원작
935,판타지
936,로맨스
936,소설원작
937,2019 지상최대공모전
937,아포칼립스
937,판타지
938,소꿉친구
938,친구>연인
938,인외존재
938,로맨스
939,연예계
939,감성
939,소설원작
940,개그
942,일상
943,일상
944,일상
945,로맨스
946,드라마
947,학원로맨스
947,로맨스
948,로맨스
948,소설원작
949,개그
950,판타지
951,힘숨찐
951,학원물
951,액션
952,판타지
953,스릴러
954,서스펜스
954,괴담
954,스릴러
955,로맨스
956,액션
957,스포츠성장
957,스포츠
958,히어로
958,판타지
959,판타지
959,성인웹툰
960,판타지
960,성인웹툰
961,판타지
961,성인웹툰
962,판타지
962,성인웹툰
963,액션
964,다크판타지
964,판타지
965,드라마
966,아포칼립스
966,스릴러
966,성인웹툰
967,성장드라마
967,감성드라마
967,로맨스
968,로맨스
969,판타지
970,판타지
971,현실로맨스
971,드라마
972,드라마
973,로맨스
973,소설원작
974,병맛
974,판타지
975,계약연애
975,회귀
975,선결혼후연애
975,구원서사
975,로맨스
975,소설원작
976,인외존재
976,뱀파이어
976,다크판타지
976,액션
977,액션
977,소설원작
978,로맨스
979,최강자전
979,2013 최강자전
979,드라마
980,로맨스코미디
980,궁중로맨스
980,계약연애
980,삼각관계
980,로판
980,로맨스
980,소설원작
981,드라마
982,개그
983,최강자전
983,2017 최강자전
983,드라마
984,오컬트
984,스릴러
985,역사물
985,무협/사극
985,소설원작
986,영화원작웹툰
986,드라마&영화 원작웹툰
986,판타지
987,소년왕도물
987,액션
988,아포칼립스
988,이능력배틀물
988,액션
989,판타지
990,스릴러
990,성인웹툰
991,로맨스
991,소설원작
992,2019 지상최대공모전
992,인외존재
992,로판
992,로맨스
993,스릴러
994,액션
995,로맨스
996,판타지
997,판타지
998,판타지
999,판타지
1000,세계관
1000,이능력배틀물
1000,소년왕도물
1000,먼치킨
1000,판타지
1001,드라마
1002,판타지
1003,아포칼립스
1003,사이다
1003,게임판타지
1003,회귀
1003,헌터물
1003,소년왕도물
1003,먼치킨
1003,구원서사
1003,판타지
1003,소설원작
1004,판타지
1005,판타지
1006,개그
1007,개그
1008,개그
1009,개그
1010,스릴러
1011,스릴러
1011,성인웹툰
1012,스릴러
1013,드라마
1014,드라마
1015,판타지
1016,드라마&영화 원작웹툰
1016,드라마
1017,격투기
1017,액션
1018,학원물
1018,인플루언서
1018,소년왕도물
1018,액션
1019,학원물
1019,인플루언서
1019,복수극
1019,액션
1020,학원물
1020,액션
1021,최강자전
1021,2014 최강자전
1021,드라마
1022,사이다
1022,두뇌싸움
1022,구원서사
1022,드라마
1023,청춘로맨스
1023,로맨스
1024,액션
1025,계략여주
1025,2021 지상최대공모전
1025,현실로맨스
1025,서스펜스
1025,로맨스
1026,판타지
1027,로맨스
1027,소설원작
1028,궁중로맨스
1028,혐관로맨스
1028,걸크러시
1028,드라마
1029,로맨스
1029,소설원작
1030,일상
1031,영화원작웹툰
1031,스릴러
1032,타임슬립
1032,회귀
1032,학원로맨스
1032,삼각관계
1032,로맨스
1033,로맨스
1034,사이비종교
1034,스릴러
1035,일상
1036,이능력배틀물
1036,판타지
1037,판타지
1037,소설원작
1038,드라마
1039,스릴러
1040,로맨스
1040,소설원작
1041,최강자전
1041,2013 최강자전
1041,판타지
1042,드라마
1043,드라마
1044,드라마
1044,성인웹툰
1045,2020 지상최대공모전
1045,동양풍판타지
1045,판타지
1046,로판
1046,로맨스
1046,소설원작
1047,다크판타지
1047,판타지
1048,드라마
1049,드라마
1050,드라마
1051,개그
1052,아이돌연애
1052,로맨스코미디
1052,2021 지상최대공모전
1052,좀비
1052,연예계
1052,로맨스
1053,2020 지상최대공모전
1053,연예계
1053,성장드라마
1053,드라마
1054,드라마&영화 원작웹툰
1054,감성드라마
1054,드라마
1055,육아물
1055,감성드라마
1055,드라마
1056,판타지
1057,판타지
1058,무협/사극
1059,무협/사극
1060,2019 지상최대공모전
1060,인외존재
1060,이능력배틀물
1060,액션
1061,일상
1062,스릴러
1063,드라마&영화 원작웹툰
1063,스릴러
1064,드라마&영화 원작웹툰
1064,스릴러
1065,전남친
1065,재회
1065,연예계
1065,선결혼후연애
1065,로맨스
1065,소설원작
1066,최강자전
1066,2019 최강자전
1066,판타지
1067,판타지
1067,소설원작
1068,최강자전
1068,2015 최강자전
1068,판타지
1069,일상
1070,2030연애
1070,현실로맨스
1070,감성드라마
1070,로맨스
1071,2021 지상최대공모전
1071,빙의
1071,로맨스
1072,개그
1073,액션
1073,소설원작
1074,액션
1075,로맨스
1075,소설원작
1076,드라마
1077,계약연애
1077,인외존재
1077,로맨스
1078,스릴러
1079,2020 지상최대공모전
1079,괴담
1079,스릴러
1080,스릴러
1080,성인웹툰
1081,스릴러
1082,스릴러
1083,최강자전
1083,2018 최강자전
1083,스릴러
1084,드라마
1085,인외존재
1085,로맨스
1086,2019 지상최대공모전
1086,오컬트
1086,서스펜스
1086,스릴러
1087,드라마&영화 원작웹툰
1087,성장드라마
1087,드라마
1088,감성
1089,감성
1090,일상
1091,로맨스
1092,로맨스
1093,판타지
1094,소꿉친구
1094,현실로맨스
1094,캠퍼스로맨스
1094,직진남
1094,까칠남
1094,드라마
1095,스릴러
1096,로맨스
1097,드라마
1098,드라마
1099,히어로
1099,이능력배틀물
1099,이세계
1099,판타지
1100,최강자전
1100,2017 최강자전
1100,개그
1101,스릴러
1101,성인웹툰
1102,2030연애
1102,로맨스코미디
1102,현실로맨스
1102,하이틴
1102,하이퍼리얼리즘
1102,청춘로맨스
1102,로맨스
1102,성인웹툰
1103,힐링
1103,음식요리
1103,성장드라마
1103,동물
1103,일상
1104,판무
1104,판타지
1105,개그
1106,액션
1107,개그
1108,동물
1108,로맨스
1109,액션
1110,스릴러
1111,드라마
1112,판타지
1112,소설원작
1113,스핀오프
1113,스릴러
1114,드라마&영화 원작웹툰
1114,힘숨찐
1114,학원물
1114,액션
1115,드라마
1116,스릴러
1117,최강자전
1117,2017 최강자전
1117,힘숨찐
1117,히어로
1117,이능력배틀물
1117,먼치킨
1117,판타지
1118,성별반전
1118,로맨스코미디
1118,로판
1118,로맨스
1118,소설원작
1119,아포칼립스
1119,좀비
1119,감염
1119,스릴러
1120,청춘로맨스
1120,로맨스
1121,드라마
1121,소설원작
1122,캠퍼스로맨스
1122,로맨스
1123,드라마
1124,드라마
1125,히어로
1125,액션
1126,히어로
1126,액션
1127,판타지
1128,감성드라마
1128,드라마
1129,드라마&영화 원작웹툰
1129,로맨스
1130,로맨스코미디
1130,2021 지상최대공모전
1130,선결혼후연애
1130,로맨스
1131,개그
1132,액션
1133,전남친
1133,로맨스
1134,사이다
1134,회귀
1134,복수극
1134,로판
1134,로맨스
1134,소설원작
1135,스릴러
1136,히어로
1136,판타지
1137,판타지
1138,병맛
1138,개그
1139,좀비
1139,스릴러
1140,감성드라마
1140,드라마
1141,판타지
1142,타임슬립
1142,학원물
1142,드라마
1143,로맨스
1144,판타지
1145,인플루언서
1145,드라마
1146,드라마
1147,일상
1148,드라마
1149,두뇌싸움
1149,판타지
1150,로맨스
1151,로맨스
1152,로맨스
1153,게임판타지
1153,소년왕도물
1153,판타지
1154,드라마
1155,스릴러
1156,빙의
1156,로판
1156,구원서사
1156,까칠남
1156,로맨스
1156,소설원작
1157,2020 지상최대공모전
1157,학원로맨스
1157,역하렘
1157,빙의
1157,로판
1157,로맨스
1158,차원이동
1158,병맛
1158,먼치킨
1158,판타지
1159,감성
1160,액션
1161,드라마
1162,개그
1163,성별반전
1163,2020 지상최대공모전
1163,로맨스
1164,드라마
1165,힐링
1165,학원로맨스
1165,삼각관계
1165,로맨스
1166,직업드라마
1166,스포츠성장
1166,성장드라마
1166,드라마
1167,드라마&영화 원작웹툰
1167,인플루언서
1167,삼각관계
1167,로맨스
1168,타임슬립
1168,로맨스
1169,2020 지상최대공모전
1169,하이틴
1169,학원로맨스
1169,드라마
1170,동양풍판타지
1170,퓨전사극
1170,로맨스
1171,동양풍판타지
1171,판타지
1172,2030연애
1172,청춘로맨스
1172,성장드라마
1172,공감성수치
1172,개그
1173,판타지
1173,소설원작
1174,연예계
1174,삼각관계
1174,드라마
1175,드라마&영화 원작웹툰
1175,하이퍼리얼리즘
1175,성장드라마
1175,감성드라마
1175,드라마
1176,드라마
1177,개그
1178,소년왕도물
1178,판타지
1178,소설원작
1179,음식요리
1179,개그
1180,연예계
1180,드라마
1181,스릴러
1182,스릴러
1183,학원로맨스
1183,드라마
1184,드라마
1185,직진남
1185,전남친
1185,인플루언서
1185,삼각관계
1185,로맨스
1186,학원로맨스
1186,삼각관계
1186,로맨스
1187,로맨스
1188,스핀오프
1188,로맨스
1189,개그
1190,드라마
1191,혐관로맨스
1191,학원로맨스
1191,하이틴
1191,드라마
1192,드라마
1193,걸크러시
1193,감성
1194,청춘로맨스
1194,드라마
1195,스릴러
1196,로맨스
1197,계약연애
1197,퓨전사극
1197,선결혼후연애
1197,로맨스
1197,소설원작
1198,개그
1199,드라마
1200,게임판타지
1200,먼치킨
1200,판타지
1201,로맨스
1201,소설원작
1202,로맨스
1203,로맨스
1204,로맨스
1205,판타지
1206,로맨스
1207,로맨스
1208,드라마
1209,2020 지상최대공모전
1209,오컬트
1209,액션
1210,프리퀄
1210,아포칼립스
1210,스릴러
1211,드라마
1212,드라마
1213,로맨스
1213,소설원작
1214,개그
1215,까칠남
1215,판타지
1215,소설원작
1216,드라마
1217,로맨스
1218,로맨스
1219,현실로맨스
1219,캠퍼스로맨스
1219,청춘로맨스
1219,까칠남
1219,로맨스
1220,친구>연인
1220,삼각관계
1220,로맨스
1221,판타지
1222,학원물
1222,성장드라마
1222,드라마
1223,2020 지상최대공모전
1223,드라마
1224,로맨스
1225,로맨스
1225,소설원작
1226,로맨스
1226,소설원작
1227,일상
1228,로맨스
1229,로맨스
1230,드라마
1231,감성
1232,드라마&영화 원작웹툰
1232,개그
1233,드라마
1234,드라마
1235,로맨스
1235,소설원작
1236,드라마
1237,환골탈태
1237,2021 지상최대공모전
1237,친구>연인
1237,연예계
1237,로맨스
1238,개그
1239,로맨스
1240,드라마
1241,드라마
1242,드라마&영화 원작웹툰
1242,로맨스
1243,로맨스코미디
1243,학원로맨스
1243,하이틴
1243,로맨스
1244,최강자전
1244,2019 최강자전
1244,히어로
1244,판타지
1245,아포칼립스
1245,판타지
1246,로맨스
1247,드라마
1248,서스펜스
1248,스릴러
1249,개그
1250,학원로맨스
1250,하이틴
1250,삼각관계
1250,일상
1251,일상
1252,계약연애
1252,연예계
1252,로맨스
1252,소설원작
1253,역사물
1253,무협/사극
1254,드라마
1255,판타지
1256,최강자전
1256,2017 최강자전
1256,로맨스
1257,타임슬립
1257,성장드라마
1257,드라마
1258,병맛
1258,이세계
1258,인외존재
1258,로맨스
1259,판타지
1260,히어로
1260,이세계
1260,이능력배틀물
1260,성장드라마
1260,판타지
1260,소설원작
1261,로맨스
1261,소설원작
1262,액션
1262,소설원작
1263,타임슬립
1263,고자극로맨스
1263,회귀
1263,로맨스
1264,로맨스
1265,드라마
1266,인플루언서
1266,스릴러
1267,고자극로맨스
1267,혐관로맨스
1267,인외존재
1267,뱀파이어
1267,드라마
1268,로맨스
1269,개그
1270,인외존재
1270,성장드라마
1270,뱀파이어
1270,드라마
1271,일상
1272,개그
1273,개그
1274,로맨스
1275,스릴러
1276,혐관로맨스
1276,계약연애
1276,회귀
1276,선결혼후연애
1276,로맨스
1276,소설원작
1277,로맨스
1277,소설원작
1278,로맨스
1278,소설원작
1279,혐관로맨스
1279,로맨스
1280,학원물
1280,서스펜스
1280,액션
1281,최강자전
1281,2019 최강자전
1281,판타지
1282,2020 지상최대공모전
1282,사이다
1282,드라마
1283,퓨전사극
1283,성장드라마
1283,드라마
1284,무협/사극
1285,로맨스
1285,소설원작
1286,학원물
1286,먼치킨
1286,드라마
1287,판타지
1288,직업드라마
1288,음식요리
1288,소년왕도물
1288,드라마
1289,개그
1290,스릴러
1291,영화원작웹툰
1291,액션
1292,드라마
1293,빙의
1293,로판
1293,로맨스
1293,소설원작
1294,로맨스
1295,무협/사극
1296,차원이동
1296,아포칼립스
1296,먼치킨
1296,다크판타지
1296,액션
1297,판무
1297,판타지
1298,음식요리
1298,판타지
1298,소설원작
1299,드라마
1300,로맨스
1301,로맨스
1302,일상
1303,일상
1304,연예계
1304,로맨스
1305,2021 지상최대공모전
1305,학원로맨스
1305,역하렘
1305,로맨스
1306,드라마
1307,드라마
1308,감성
1309,개그
1310,로맨스
1311,감성
1312,일상
1313,2021 지상최대공모전
1313,성장드라마
1313,드라마
1314,로맨스
1315,스릴러
1316,계약연애
1316,하이틴
1316,로맨스
1317,로맨스
1318,개그
1319,로맨스
1320,판타지
1321,직업드라마
1321,판타지
1321,소설원작
1322,드라마&영화 원작웹툰
1322,로맨스
1323,스릴러
1323,성인웹툰
1324,로판
1324,로맨스
1325,감성
1326,개그
1327,개그
1328,일상
1329,힐링
1329,감성
1330,판타지
1331,로맨스
1331,소설원작
1332,계약연애
1332,캠퍼스로맨스
1332,로맨스
1333,빙의
1333,로맨스
1333,소설원작
1334,괴담
1334,스릴러
1335,판타지
1336,전남친
1336,선결혼후연애
1336,로맨스
1337,드라마
1338,드라마
1339,일상
1340,로맨스
1341,야구
1341,스포츠성장
1341,스포츠
1342,판타지
1342,소설원작
1343,음식요리
1343,로맨스
1344,서스펜스
1344,드라마
1345,드라마
1346,개그
1347,2020 지상최대공모전
1347,아포칼립스
1347,좀비
1347,감염
1347,감성드라마
1347,드라마
1348,드라마&영화 원작웹툰
1348,로맨스
1349,스릴러
1349,성인웹툰
1350,선결혼후연애
1350,로맨스
1350,소설원작
1351,로맨스
1351,소설원작
1352,스포츠성장
1352,스포츠
1353,로판
1353,로맨스
1354,일상
1355,스릴러
1356,판타지
1357,로맨스
1358,프리퀄
1358,로맨스
1359,판타지
1360,퓨전사극
1360,로맨스
1361,연예계
1361,삼각관계
1361,로맨스
1362,드라마
1363,머니게임
1363,드라마
1364,로맨스
1364,소설원작
1365,드라마&영화 원작웹툰
1365,드라마
1366,드라마&영화 원작웹툰
1366,드라마
1367,오컬트
1367,동양풍판타지
1367,다크히어로
1367,먼치킨
1367,판타지
1368,판타지
1369,인외존재
1369,로맨스
1370,스릴러
1371,스릴러
1371,성인웹툰
1372,계약연애
1372,로맨스
1372,소설원작
1373,짝사랑
1373,현실로맨스
1373,친구>연인
1373,청춘로맨스
1373,캠퍼스로맨스
1373,삼각관계
1373,로맨스
1374,현실로맨스
1374,하이퍼리얼리즘
1374,청춘로맨스
1374,오피스로맨스
1374,삼각관계
1374,로맨스
1375,드라마
1376,연예계
1376,로맨스
1377,차원이동
1377,동양풍판타지
1377,로맨스
1378,판타지
1378,소설원작
1379,드라마
1380,혐관로맨스
1380,캠퍼스로맨스
1380,연상연하
1380,연예계
1380,걸크러시
1380,로맨스
1381,히어로
1381,이능력배틀물
1381,판타지
1382,개그
1383,개그
1384,개그
1385,로맨스
1386,액션
1387,재회
1387,구원서사
1387,로맨스
1388,오피스로맨스
1388,사내연애
1388,로맨스
1388,소설원작
1389,개그
1390,드라마
1391,드라마
1392,로맨스
1393,로맨스
1393,소설원작
1394,차원이동
1394,동양풍판타지
1394,로맨스
1395,법정드라마
1395,드라마&영화 원작웹툰
1395,힐링
1395,직업드라마
1395,성장드라마
1395,드라마
1396,로맨스
1397,로맨스
1398,차원이동
1398,병맛
1398,개그
1399,로맨스
1400,드라마
1401,로맨스
1401,소설원작
1402,캠퍼스로맨스
1402,서스펜스
1402,드라마
1403,구원서사
1403,로맨스
1403,소설원작
1404,학원물
1404,서스펜스
1404,복수극
1404,스릴러
1405,로맨스
1405,소설원작
1406,판타지
1407,액션
1408,서스펜스
1408,스릴러
1408,성인웹툰
1409,드라마
1410,드라마
1411,드라마
1412,힐링
1412,학원로맨스
1412,청춘로맨스
1412,삼각관계
1412,로맨스
1413,드라마
1414,타임슬립
1414,사이다
1414,학원물
1414,액션
1415,힘숨찐
1415,이능력배틀물
1415,다크히어로
1415,판타지
1416,드라마
1417,최강자전
1417,2018 최강자전
1417,학원로맨스
1417,친구>연인
1417,인외존재
1417,삼각관계
1417,로맨스
1418,액션
1419,판타지
1420,로맨스
1420,소설원작
1421,스포츠성장
1421,스포츠
1422,느와르
1422,액션
1422,성인웹툰
1423,드라마
1424,세계관
1424,학원물
1424,이능력배틀물
1424,성장드라마
1424,동물
1424,액션
1425,스릴러
1426,일상
1427,2021 지상최대공모전
1427,스릴러
1428,액션
1428,소설원작
1429,사이다
1429,액션
1430,액션
1431,드라마
1432,무협/사극
1432,소설원작
1433,감성
1434,로맨스
1434,소설원작
1435,개그
1436,밀리터리
1436,학원물
1436,먼치킨
1436,액션
1437,판타지
1438,개그
1439,계략여주
1439,학원로맨스
1439,복수극
1439,드라마
1440,축구
1440,스포츠
1441,로맨스
1442,일상
1443,드라마
1444,최강자전
1444,2017 최강자전
1444,괴담
1444,스릴러
1445,2021 지상최대공모전
1445,하이틴
1445,로맨스
1446,세계관
1446,판무
1446,복수극
1446,판타지
1447,드라마
1447,성인웹툰
1448,일상
1449,드라마
1450,로맨스
1451,연예계
1451,스릴러
1452,드라마
1453,사이다
1453,힘숨찐
1453,판무
1453,먼치킨
1453,무협/사극
1453,소설원작
1454,로맨스
1455,액션
1456,아포칼립스
1456,이능력배틀물
1456,판타지
1457,타임슬립
1457,드라마&영화 원작웹툰
1457,회귀
1457,복수극
1457,빙의
1457,두뇌싸움
1457,드라마
1457,소설원작
1458,게임판타지
1458,판타지
1459,스릴러
1460,스릴러
1461,궁중로맨스
1461,혐관로맨스
1461,직진남
1461,이세계
1461,연상연하
1461,역하렘
1461,선결혼후연애
1461,삼각관계
1461,로판
1461,걸크러시
1461,로맨스
1461,소설원작
1462,액션
1463,현실로맨스
1463,하이퍼리얼리즘
1463,인플루언서
1463,드라마
1464,액션
1465,세계관
1465,이세계
1465,다크히어로
1465,판타지
1465,소설원작
1466,드라마
1467,액션
1468,2019 지상최대공모전
1468,드라마
1469,스릴러
1470,로맨스
1470,소설원작
1471,스릴러
1471,성인웹툰
1472,로맨스
1473,액션
1474,로맨스
1475,로맨스
1476,드라마
1476,소설원작
1477,액션
1478,판타지
1478,소설원작
1479,판타지
1480,서바이벌
1480,세계관
1480,아포칼립스
1480,게임판타지
1480,헌터물
1480,이능력배틀물
1480,소년왕도물
1480,빙의
1480,먼치킨
1480,두뇌싸움
1480,구원서사
1480,판타지
1480,소설원작
1481,환골탈태
1481,무협/사극
1481,소설원작
1482,게임판타지
1482,학원물
1482,액션
1483,스릴러
1484,로맨스
1485,이능력배틀물
1485,먼치킨
1485,액션
1486,직업드라마
1486,성장드라마
1486,드라마
1487,액션
1488,음식요리
1488,드라마
1489,스릴러
1490,스릴러
1491,드라마
1492,최강자전
1492,2015 최강자전
1492,두뇌싸움
1492,걸크러시
1492,판타지
1493,느와르
1493,액션
1494,2020 지상최대공모전
1494,sf
1494,스릴러
1495,판타지
1496,축구
1496,스포츠
1497,무협/사극
1498,동양풍판타지
1498,퓨전사극
1498,로맨스
1498,소설원작
1499,개그
1500,좀비
1500,판타지
1501,개그
1502,아포칼립스
1502,스릴러
1503,비밀연애
1503,현실로맨스
1503,오피스로맨스
1503,사내연애
1503,로맨스
1504,머니게임
1504,스릴러
1505,학원물
1505,역하렘
1505,로맨스
1506,액션
1507,격투기
1507,액션
1508,좀비
1508,드라마
1509,다크판타지
1509,판타지
1509,성인웹툰
1510,액션
1511,2021 지상최대공모전
1511,공감성수치
1511,로맨스
1511,소설원작
1512,로맨스
1513,로맨스
1514,로맨스
1515,삼각관계
1515,로맨스
1516,개그
1517,스릴러
1518,회귀
1518,개그
1519,드라마
1520,드라마
1521,직진남
1521,로맨스
1521,소설원작
1522,로맨스
1523,2019 지상최대공모전
1523,서스펜스
1523,복수극
1523,걸크러시
1523,스릴러
1524,판타지
1525,감성드라마
1525,드라마
1526,사이다
1526,학원물
1526,액션
1527,로맨스
1528,로맨스
1528,소설원작
1529,드라마
1530,판타지
1531,육아물
1531,회귀
1531,빙의
1531,로맨스
1531,소설원작
1532,직업드라마
1532,사이다
1532,의학드라마
1532,드라마
1532,소설원작
1533,일상
1534,스릴러
1534,성인웹툰
1535,액션
1536,판타지
1536,소설원작
1537,드라마
1538,로맨스
1538,소설원작
1539,로맨스
1540,서스펜스
1540,복수극
1540,두뇌싸움
1540,스릴러
1541,농구
1541,드라마
1542,판타지
1543,판타지
1544,2021 지상최대공모전
1544,서스펜스
1544,다크판타지
1544,스릴러
1545,사이다
1545,학원물
1545,액션
1546,로판
1546,까칠남
1546,로맨스
1546,소설원작
1547,액션
1548,하이퍼리얼리즘
1548,일상
1549,드라마
1550,감성
1551,개그
1552,판타지
1553,액션
1554,로맨스
1555,2021 지상최대공모전
1555,계약연애
1555,친구>연인
1555,오피스로맨스
1555,선결혼후연애
1555,사내연애
1555,로맨스
1556,개그
1557,개그
1558,로맨스코미디
1558,병맛
1558,학원로맨스
1558,하이틴
1558,역하렘
1558,로맨스
1559,로맨스
1560,2019 지상최대공모전
1560,액션
1561,오컬트
1561,학원물
1561,성장드라마
1561,드라마
1562,감성
1563,짝사랑
1563,로맨스
1564,로맨스
1565,짝사랑
1565,하이틴
1565,로맨스
1566,2020 지상최대공모전
1566,로맨스
1567,하이퍼리얼리즘
1567,레트로
1567,드라마
1568,현실로맨스
1568,로맨스
1569,2020 지상최대공모전
1569,드라마
1570,판타지
1571,스릴러
1572,개그
1573,드라마
1574,액션
1575,드라마
1576,드라마
1577,드라마
1578,사이다
1578,학원물
1578,다크히어로
1578,먼치킨
1578,액션
1579,인외존재
1579,로맨스
1580,드라마&영화 원작웹툰
1580,드라마
1582,아포칼립스
1582,판타지
1583,판타지
1584,법정드라마
1584,드라마
1586,역사물
1586,무협/사극
1587,로맨스
1588,동양풍판타지
1588,판타지
1589,판타지
1590,개그
1591,판타지
1591,소설원작
1592,게임판타지
1592,회귀
1592,먼치킨
1592,무협/사극
1592,소설원작
1593,드라마
1594,소년왕도물
1594,판타지
1595,로맨스
1595,소설원작
1596,게임판타지
1596,액션
1596,소설원작
1597,일상
1598,드라마
1599,환골탈태
1599,무협/사극
1599,소설원작
1600,먼치킨
1600,무협/사극
1601,최강자전
1601,2014 최강자전
1601,로맨스
1602,2021 지상최대공모전
1602,sf
1602,학원로맨스
1602,학원물
1602,성장드라마
1602,로맨스
1603,개그
1604,개그
1605,로맨스
1605,소설원작
1606,드라마&영화 원작웹툰
1606,학원로맨스
1606,하이틴
1606,캠퍼스로맨스
1606,삼각관계
1606,성장드라마
1606,까칠남
1606,로맨스
1607,로맨스코미디
1607,2021 지상최대공모전
1607,현실로맨스
1607,학원로맨스
1607,하이틴
1607,학원물
1607,친구>연인
1607,사이비종교
1607,로맨스
1608,2030연애
1608,로맨스코미디
1608,캠퍼스로맨스
1608,청춘로맨스
1608,로맨스
1609,드라마
1610,액션
1611,드라마
1612,판타지
1612,성인웹툰
1613,액션
1613,소설원작
1614,히어로
1614,헌터물
1614,이능력배틀물
1614,판타지
1614,소설원작
1615,최강자전
1615,2018 최강자전
1615,이능력배틀물
1615,소년왕도물
1615,액션
1616,게임판타지
1616,먼치킨
1616,액션
1617,액션
1618,병맛
1618,개그
1619,게임판타지
1619,판타지
1620,이세계
1620,성장드라마
1620,판타지
1621,판타지
1622,직업드라마
1622,밀리터리
1622,게임판타지
1622,음식요리
1622,판타지
1622,소설원작
1623,개그
1624,로맨스
1626,스릴러
1627,학원물
1627,서스펜스
1627,드라마
1628,최강자전
1628,2018 최강자전
1628,서스펜스
1628,드라마
1629,아포칼립스
1629,스릴러
1630,스릴러
1630,성인웹툰
1631,로맨스
1632,판타지
1633,판타지
1634,최강자전
1634,2018 최강자전
1634,성장드라마
1634,걸크러시
1634,감성드라마
1634,드라마
1635,로맨스
1635,소설원작
1636,역사물
1636,판무
1636,무협/사극
1637,세계관
1637,사이다
1637,판무
1637,무협/사극
1637,소설원작
1638,판타지
1639,복수극
1639,느와르
1639,액션
1640,로맨스
1641,드라마&영화 원작웹툰
1641,스릴러
1642,최강자전
1642,2019 최강자전
1642,판타지
1643,판타지
1644,스릴러
1645,드라마
1646,액션
1647,드라마
1648,세계관
1648,인외존재
1648,다크판타지
1648,판타지
1649,병맛
1649,동물
1649,개그
1650,게임판타지
1650,학원물
1650,드라마
1651,드라마&영화 원작웹툰
1651,스릴러
1652,스릴러
1653,로맨스
1654,액션
1655,판타지
1656,세계관
1656,이세계
1656,걸크러시
1656,판타지
1657,스릴러
1658,드라마
1660,개그
1661,2021 지상최대공모전
1661,현실로맨스
1661,까칠남
1661,로맨스
1662,드라마&영화 원작웹툰
1662,오피스로맨스
1662,로맨스
1662,소설원작
1663,판타지
1664,로맨스
1664,소설원작
1665,격투기
1665,액션
1666,액션
1666,소설원작
1667,두뇌싸움
1667,드라마
1668,개그
1669,액션
1669,소설원작
1670,힘숨찐
1670,액션
1671,액션
1672,스릴러
1673,드라마&영화 원작웹툰
1673,스릴러
1674,로맨스
1675,스릴러
1676,개그
1677,드라마
1678,판타지
1679,밀리터리
1679,드라마
1680,개그
1681,개그
1682,개그
1683,스릴러
1684,축구
1684,스포츠성장
1684,스포츠
1685,격투기
1685,스포츠성장
1685,스포츠
1686,좀비
1686,드라마
1687,게임판타지
1687,판타지
1688,액션
1689,무협/사극
1690,서스펜스
1690,스릴러
1691,일상
1692,드라마
1693,다크히어로
1693,액션
1694,힘숨찐
1694,먼치킨
1694,액션
1695,판타지
1696,일상
1697,2019 지상최대공모전
1697,스릴러
1697,성인웹툰
1698,드라마
1699,액션
1700,로맨스
1700,소설원작
1701,오컬트
1701,액션
1701,소설원작
1702,액션
1703,로맨스
1704,최강자전
1704,2015 최강자전
1704,인외존재
1704,로맨스
1705,회귀
1705,이능력배틀물
1705,복수극
1705,먼치킨
1705,액션
1706,로맨스
1707,아포칼립스
1707,사이다
1707,게임판타지
1707,헌터물
1707,먼치킨
1707,액션
1707,소설원작
1708,개그
1709,세계관
1709,이능력배틀물
1709,판타지
1710,드라마
1711,소년왕도물
1711,판타지
1712,아포칼립스
1712,좀비
1712,판타지
1713,판타지
1714,판타지
1715,드라마
1716,드라마
1717,판타지
1718,sf
1718,인외존재
1718,판타지
1719,스포츠
1720,판타지
1721,판타지
1722,로맨스
1723,액션
1724,드라마
1725,로맨스
1726,액션
1727,스릴러
1728,액션
1729,일상
1730,법정드라마
1730,직업드라마
1730,회귀
1730,드라마
1730,소설원작
1731,개그
1732,게임판타지
1732,판타지
1733,판타지
1734,퓨전사극
1734,로맨스
1734,소설원작
1735,계략여주
1735,하이퍼리얼리즘
1735,인플루언서
1735,드라마
1736,일상
1737,드라마
1738,드라마
1739,드라마&영화 원작웹툰
1739,드라마
1740,오피스로맨스
1740,로맨스
1741,2021 지상최대공모전
1741,힐링
1741,성장드라마
1741,드라마
1742,스릴러
1743,판타지
1744,판타지
1745,드라마
1746,드라마
1747,드라마
1748,2020 지상최대공모전
1748,사이비종교
1748,스릴러
1749,판타지
1750,개그
1751,액션
1752,아포칼립스
1752,사이비종교
1752,스릴러
1752,성인웹툰
1753,차원이동
1753,사이다
1753,빙의
1753,걸크러시
1753,로맨스
1753,소설원작
1754,로맨스
1755,개그
1756,액션
1757,액션
1758,스릴러
1759,스릴러
1760,개그
1761,2020 지상최대공모전
1761,드라마
1762,판타지
1763,힐링
1763,하이퍼리얼리즘
1763,성장드라마
1763,사이비종교
1763,감성드라마
1763,드라마
1764,캠퍼스로맨스
1764,로맨스
1765,판타지
1766,액션
1767,아이돌연애
1767,2021 지상최대공모전
1767,드라마
1768,스릴러
1768,성인웹툰
1769,힘숨찐
1769,학원물
1769,성장드라마
1769,드라마
1770,육아물
1770,드라마
1771,개그
1772,개그
1773,드라마
1774,감성
1775,아이돌연애
1775,캠퍼스로맨스
1775,직진남
1775,연예계
1775,삼각관계
1775,로맨스
1776,게임판타지
1776,이능력배틀물
1776,액션
1777,최강자전
1777,먼치킨
1777,판타지
1778,판타지
1779,액션
1780,스릴러
1780,성인웹툰
1781,힘숨찐
1781,스릴러
1782,병맛
1782,개그
1783,스릴러
1784,복수극
1784,스릴러
1784,성인웹툰
1785,아포칼립스
1785,이능력배틀물
1785,판타지
1786,스릴러
1786,성인웹툰
1787,로맨스
1788,일상
1789,드라마
1790,판타지
1790,소설원작
1791,학원로맨스
1791,개그
1792,판타지
1793,로맨스
1794,드라마
1795,드라마
1796,2020 지상최대공모전
1796,스릴러
1797,고자극로맨스
1797,현실로맨스
1797,재회
1797,로맨스
1798,로맨스
1799,판타지
1800,판타지
1801,직업드라마
1801,학원물
1801,스포츠성장
1801,드라마
1802,개그
1803,궁중로맨스
1803,이세계
1803,역하렘
1803,로판
1803,로맨스
1803,소설원작
1804,로맨스
1805,일상
1806,드라마
1807,최강자전
1807,2019 최강자전
1807,직진남
1807,이세계
1807,역하렘
1807,삼각관계
1807,로판
1807,두뇌싸움
1807,걸크러시
1807,구원서사
1807,로맨스
1808,드라마
1809,스릴러
1810,회귀
1810,소년왕도물
1810,무협/사극
1810,소설원작
1811,복수극
1811,느와르
1811,액션
1812,계략여주
1812,회귀
1812,로판
1812,로맨스
1812,소설원작
1813,아포칼립스
1813,sf
1813,먼치킨
1813,감염
1813,판타지
1814,스릴러
1815,아포칼립스
1815,판타지
1816,판타지
1817,오컬트
1817,좀비
1817,액션
1818,2021 지상최대공모전
1818,빙의
1818,로맨스
1819,아포칼립스
1819,판타지
1820,무협/사극
1821,일상
1822,감성드라마
1822,드라마
1823,일상
1824,일상
1825,일상
1826,드라마
1827,로맨스
1828,로맨스
1829,학원물
1829,소년왕도물
1829,액션
1830,역사물
1830,무협/사극
1831,드라마
1832,청춘로맨스
1832,로맨스
1833,인플루언서
1833,인외존재
1833,연예계
1833,로맨스
1834,판타지
1835,로맨스
1836,판타지
1837,최강자전
1837,2017 최강자전
1837,판타지
1838,아포칼립스
1838,인외존재
1838,성장드라마
1838,판타지
1839,로맨스
1840,퓨전사극
1840,로맨스
1840,소설원작
1841,스포츠성장
1841,성장드라마
1841,스포츠
1842,드라마
1843,스핀오프
1843,좀비
1843,감염
1843,드라마
1844,현실로맨스
1844,청춘로맨스
1844,연상연하
1844,삼각관계
1844,로맨스
1845,드라마
1846,스릴러
1847,무협/사극
1848,로맨스코미디
1848,현실로맨스
1848,로판
1848,로맨스
1849,회귀
1849,사내연애
1849,로맨스
1850,스릴러
1851,로맨스
1852,로맨스
1852,소설원작
1853,액션
1854,스릴러
1855,인플루언서
1855,로맨스
1856,드라마
1857,복수극
1857,느와르
1857,액션
1858,로맨스
1859,액션
1859,성인웹툰
1860,최강자전
1860,2013 최강자전
1860,개그
1861,판타지
1862,로맨스
1863,개그
1864,사이다
1864,병맛
1864,이세계
1864,먼치킨
1864,액션
1865,서스펜스
1865,두뇌싸움
1865,판타지
1866,액션
1867,액션
1867,성인웹툰
1868,스릴러
1869,스릴러
1870,로맨스
1871,최강자전
1871,2021 최강자전
1871,로맨스
1872,게임판타지
1872,회귀
1872,학원물
1872,액션
1873,서스펜스
1873,스릴러
1874,일상
1875,무협/사극
1876,로맨스
1877,스릴러
1878,드라마
1879,판타지
1880,힐링
1880,연상연하
1880,동물
1880,판타지
1881,판타지
1882,세계관
1882,동양풍판타지
1882,판타지
1883,개그
1884,로맨스
1885,판타지
1886,로맨스
1887,동양풍판타지
1887,현실로맨스
1887,동물
1887,로맨스
1888,드라마
1889,액션
1890,차원이동
1890,판타지
1891,판타지
1892,로맨스
1892,소설원작
1893,스릴러
1894,드라마
1895,성별반전
1895,퓨전사극
1895,로맨스
1895,소설원작
1896,힐링
1896,드라마
1897,까칠남
1897,로맨스
1898,감성
1899,퓨전사극
1899,로맨스
1899,소설원작
1900,2020 지상최대공모전
1900,직업드라마
1900,드라마
1901,로맨스
1902,드라마
1903,세계관
1903,동양풍판타지
1903,회귀
1903,힘숨찐
1903,이세계
1903,먼치킨
1903,무협/사극
1903,소설원작
1904,드라마
1905,사이다
1905,힘숨찐
1905,복수극
1905,판타지
1906,드라마
1907,드라마
1908,궁중로맨스
1908,퓨전사극
1908,로맨스
1909,드라마
1910,판타지
1911,동물
1911,감성
1912,판타지
1913,로맨스
1914,퓨전사극
1914,로맨스
1914,소설원작
1915,판타지
1916,로맨스
1917,2021 지상최대공모전
1917,이세계
1917,먼치킨
1917,판타지
1918,로맨스
1918,소설원작
1919,직진남
1919,로판
1919,로맨스
1919,소설원작
1920,로맨스
1921,사이다
1921,회귀
1921,헌터물
1921,먼치킨
1921,판타지
1921,소설원작
1922,드라마
1923,동양풍판타지
1923,로맨스
1923,소설원작
1924,로맨스
1924,소설원작
1925,스릴러
1926,개그
1927,스릴러
1927,성인웹툰
1928,2019 지상최대공모전
1928,로맨스
1929,스릴러
1930,스릴러
1931,로맨스
1931,소설원작
1932,역사물
1932,무협/사극
1933,육아물
1933,빙의
1933,로판
1933,로맨스
1933,소설원작
1934,최강자전
1934,2021 최강자전
1934,하이틴
1934,판타지
1935,스릴러
1935,성인웹툰
1936,판타지
1937,혐관로맨스
1937,동양풍판타지
1937,이세계
1937,인외존재
1937,삼각관계
1937,구원서사
1937,로맨스
1937,소설원작
1938,히어로
1938,액션
1939,히어로
1939,판타지
1940,판타지
1941,일상
1942,로맨스코미디
1942,직업드라마
1942,인플루언서
1942,로맨스
1943,직업드라마
1943,사이다
1943,의학드라마
1943,드라마
1943,소설원작
1944,로맨스
1945,아이돌연애
1945,로맨스코미디
1945,현실로맨스
1945,연예계
1945,삼각관계
1945,로맨스
1946,sf
1946,판타지
1947,드라마
1948,드라마&영화 원작웹툰
1948,밀리터리
1948,드라마
1949,뱀파이어
1949,판타지
1950,스릴러
1950,성인웹툰
1951,스릴러
1951,성인웹툰
1952,최강자전
1952,2016 최강자전
1952,판타지
1953,로맨스
1954,판타지
1955,학원로맨스
1955,로맨스
1956,로맨스
1957,드라마
1958,스릴러
1959,야구
1959,스포츠
1960,드라마
1961,드라마
1962,느와르
1962,액션
1963,액션
1964,액션
1965,2020 지상최대공모전
1965,동양풍판타지
1965,로맨스
1966,스릴러
1967,스릴러
1968,스릴러
1969,스릴러
1970,최강자전
1970,판타지
1971,감성드라마
1971,일상
1972,스릴러
1973,감염
1973,액션
1974,개그
1975,판타지
1976,오피스로맨스
1976,사내연애
1976,로맨스
1976,소설원작
1977,로맨스
1978,스릴러
1979,드라마
1980,서바이벌
1980,액션
1981,드라마
1982,일상
1983,로판
1983,로맨스
1983,소설원작
1984,로맨스
1985,스릴러
1986,2019 지상최대공모전
1986,드라마
1987,차원이동
1987,개그
1988,스릴러
1989,드라마
1990,고자극로맨스
1990,2030연애
1990,직진남
1990,연상연하
1990,로맨스
1990,성인웹툰
1991,감성
1992,직업드라마
1992,드라마
1993,서스펜스
1993,스릴러
1994,2020 지상최대공모전
1994,스릴러
1995,드라마
1996,스릴러
1997,드라마
1998,판타지
1999,드라마
2000,스릴러
2001,일상
2002,드라마
2003,드라마
2004,로맨스
2005,스릴러
2006,판타지
2007,드라마
2008,스릴러
2009,일상
2010,드라마
2011,스릴러
2012,일상
2013,드라마
2014,스릴러
2015,스릴러
2016,드라마
2017,개그
2018,일상
2019,스릴러
2020,드라마
2021,로맨스
2022,로맨스코미디
2022,현실로맨스
2022,학원로맨스
2022,하이퍼리얼리즘
2022,청춘로맨스
2022,캠퍼스로맨스
2022,오피스로맨스
2022,로맨스
2023,개그
2024,스릴러
2025,개그
2026,로맨스
2027,판타지
2028,드라마
2029,스릴러
2030,로맨스
2031,스릴러
2032,헌터물
2032,판타지
2032,소설원작
2033,판타지
2034,드라마
2035,드라마
2035,성인웹툰
2036,로맨스
2037,드라마
2038,회귀
2038,먼치킨
2038,판타지
2038,소설원작
2039,소꿉친구
2039,감성
2040,판타지
2041,스포츠성장
2041,드라마
2042,로맨스
2043,사이다
2043,게임판타지
2043,판타지
2044,최강자전
2044,2018 최강자전
2044,드라마